Date,Temp_C,Precip (mm)
2025-09-21 09:00:00,31.516,0.0
2025-09-21 10:00:00,21.981,0.0
2025-09-21 11:00:00,15.864,0.0
2025-09-21 12:00:00,13.043,0.0
2025-09-21 13:00:00,20.905,0.0
2025-09-21 14:00:00,30.945,0.0
2025-09-21 15:00:00,15.144,0.0
2025-09-21 16:00:00,9.859,0.0
2025-09-21 17:00:00,9.245000000000001,0.0
2025-09-21 18:00:00,5.029,0.0
2025-09-21 19:00:00,2.004,0.0
2025-09-21 20:00:00,1.016,0.0
2025-09-21 21:00:00,0.796,0.0
2025-09-21 22:00:00,-1.099,0.0
2025-09-21 23:00:00,-1.888,0.0
2025-09-22 00:00:00,-1.8900000000000001,0.0
2025-09-22 01:00:00,-2.569,0.0
2025-09-22 02:00:00,-1.438,0.0
2025-09-22 03:00:00,-1.3259999999999998,0.0
2025-09-22 04:00:00,-0.874,0.0
2025-09-22 05:00:00,-1.6629999999999998,0.0
2025-09-22 06:00:00,-3.14,0.0
2025-09-22 07:00:00,-2.343,0.0
2025-09-22 08:00:00,16.723,0.0
2025-09-22 09:00:00,26.343,0.0
2025-09-22 10:00:00,30.945999999999998,0.0
2025-09-22 11:00:00,20.503999999999998,0.0
2025-09-22 12:00:00,17.554000000000002,0.0
2025-09-22 13:00:00,16.963,0.0
2025-09-22 14:00:00,23.25,0.0
2025-09-22 15:00:00,16.661,0.0
2025-09-22 16:00:00,15.158999999999999,0.0
2025-09-22 17:00:00,10.891,0.0
2025-09-22 18:00:00,7.260999999999999,0.0
2025-09-22 19:00:00,5.991,0.0
2025-09-22 20:00:00,4.82,0.0
2025-09-22 21:00:00,3.9589999999999996,0.2
2025-09-22 22:00:00,2.987,0.0
2025-09-22 23:00:00,1.784,0.0
2025-09-23 00:00:00,0.685,0.0
2025-09-23 01:00:00,0.684,0.0
2025-09-23 02:00:00,3.743,0.0
2025-09-23 03:00:00,2.9859999999999998,0.0
2025-09-23 04:00:00,3.527,0.0
2025-09-23 05:00:00,3.636,0.0
2025-09-23 06:00:00,6.202,0.0
2025-09-23 07:00:00,4.713,0.0
2025-09-23 08:00:00,13.323,0.0
2025-09-23 09:00:00,21.774,0.0
2025-09-23 10:00:00,25.381,0.0
2025-09-23 11:00:00,26.726,0.0
2025-09-23 12:00:00,30.555,0.0
2025-09-23 13:00:00,27.979,0.0
2025-09-23 14:00:00,24.795,0.0
2025-09-23 15:00:00,24.119,0.0
2025-09-23 16:00:00,13.948,0.0
2025-09-23 17:00:00,12.124,0.0
2025-09-23 18:00:00,8.517,0.0
2025-09-23 19:00:00,7.366,0.2
2025-09-23 20:00:00,6.0969999999999995,0.0
2025-09-23 21:00:00,5.459,0.0
2025-09-23 22:00:00,5.034000000000001,0.0
2025-09-23 23:00:00,4.282,0.0
2025-09-24 00:00:00,3.9589999999999996,0.2
2025-09-24 01:00:00,6.31,0.0
2025-09-24 02:00:00,3.9589999999999996,0.2
2025-09-24 03:00:00,2.114,0.4
2025-09-24 04:00:00,1.5670000000000002,0.0
2025-09-24 05:00:00,2.442,0.0
2025-09-24 06:00:00,1.787,0.0
2025-09-24 07:00:00,2.442,0.0
2025-09-24 08:00:00,3.202,0.0
2025-09-24 09:00:00,4.067,0.0
2025-09-24 10:00:00,3.42,0.4
2025-09-24 11:00:00,4.391,2.4000000000000004
2025-09-24 12:00:00,3.0940000000000003,0.8
2025-09-24 13:00:00,2.9850000000000003,1.0
2025-09-24 14:00:00,5.452,0.0
2025-09-24 15:00:00,7.576,0.0
2025-09-24 16:00:00,13.551,0.0
2025-09-24 17:00:00,7.568,0.0
2025-09-24 18:00:00,5.353,0.0
2025-09-24 19:00:00,4.712,0.0
2025-09-24 20:00:00,3.847,1.0
2025-09-24 21:00:00,2.987,1.2000000000000002
2025-09-24 22:00:00,2.33,0.8
2025-09-24 23:00:00,0.686,0.0
2025-09-25 00:00:00,0.686,0.0
2025-09-25 01:00:00,0.906,0.0
2025-09-25 02:00:00,0.686,0.0
2025-09-25 03:00:00,0.5750000000000001,0.0
2025-09-25 04:00:00,0.464,0.0
2025-09-25 05:00:00,0.686,0.0
2025-09-25 06:00:00,0.242,0.0
2025-09-25 07:00:00,0.464,0.2
2025-09-25 08:00:00,1.127,0.0
2025-09-25 09:00:00,5.227,9.600000000000001
2025-09-25 10:00:00,12.019,4.2
2025-09-25 11:00:00,15.863,0.0
2025-09-25 12:00:00,14.56,0.0
2025-09-25 13:00:00,17.954,0.0
2025-09-25 14:00:00,21.887,0.0
2025-09-25 15:00:00,24.698999999999998,0.0
2025-09-25 16:00:00,13.832,1.2000000000000002
2025-09-25 17:00:00,6.625,0.2
2025-09-25 18:00:00,4.175,0.0
2025-09-25 19:00:00,3.744,0.0
2025-09-25 20:00:00,4.39,0.2
2025-09-25 21:00:00,3.96,0.6000000000000001
2025-09-25 22:00:00,3.744,0.4
2025-09-25 23:00:00,3.636,0.2
2025-09-26 00:00:00,3.528,0.8
2025-09-26 01:00:00,3.312,1.0
2025-09-26 02:00:00,3.096,0.2
2025-09-26 03:00:00,3.2039999999999997,0.8
2025-09-26 04:00:00,2.551,1.6
2025-09-26 05:00:00,1.677,2.2
2025-09-26 06:00:00,1.237,1.6
2025-09-26 07:00:00,1.5659999999999998,1.2000000000000002
2025-09-26 08:00:00,3.2030000000000003,1.0
2025-09-26 09:00:00,4.713,0.6000000000000001
2025-09-26 10:00:00,5.5649999999999995,0.4
2025-09-26 11:00:00,9.764,0.4
2025-09-26 12:00:00,9.347999999999999,0.2
2025-09-26 13:00:00,12.433,0.2
2025-09-26 14:00:00,11.822,0.2
2025-09-26 15:00:00,12.841000000000001,0.2
2025-09-26 16:00:00,12.23,0.0
2025-09-26 17:00:00,8.515,0.0
2025-09-26 18:00:00,5.46,0.0
2025-09-26 19:00:00,4.068,0.0
2025-09-26 20:00:00,3.0940000000000003,0.0
2025-09-26 21:00:00,3.528,0.0
2025-09-26 22:00:00,3.634,0.0
2025-09-26 23:00:00,2.66,0.0
2025-09-27 00:00:00,2.442,0.0
2025-09-27 01:00:00,2.224,0.0
2025-09-27 02:00:00,2.442,0.0
2025-09-27 03:00:00,1.0170000000000001,0.0
2025-09-27 04:00:00,1.896,0.0
2025-09-27 05:00:00,5.353,0.0
2025-09-27 06:00:00,5.566,0.0
2025-09-27 07:00:00,5.884,0.0
2025-09-27 08:00:00,13.934,0.0
2025-09-27 09:00:00,18.648,0.0
2025-09-27 10:00:00,20.714,0.0
2025-09-27 11:00:00,22.667,0.0
2025-09-27 12:00:00,17.458,0.0
2025-09-27 13:00:00,12.940999999999999,0.2
2025-09-27 14:00:00,12.705000000000002,0.0
2025-09-27 15:00:00,24.704,0.0
2025-09-27 16:00:00,15.763,0.0
2025-09-27 17:00:00,10.896,0.0
2025-09-27 18:00:00,7.679,0.0
2025-09-27 19:00:00,4.173,0.0
2025-09-27 20:00:00,4.067,0.0
2025-09-27 21:00:00,5.141,0.0
2025-09-27 22:00:00,2.113,0.0
2025-09-27 23:00:00,0.686,0.0
2025-09-28 00:00:00,4.497,0.0
2025-09-28 01:00:00,4.066,0.0
2025-09-28 02:00:00,-0.652,0.0
2025-09-28 03:00:00,0.242,0.0
2025-09-28 04:00:00,1.2349999999999999,0.0
2025-09-28 05:00:00,3.088,0.0
2025-09-28 06:00:00,4.175,0.0
2025-09-28 07:00:00,4.925,0.0
2025-09-28 08:00:00,13.042,0.0
2025-09-28 09:00:00,13.245999999999999,0.0
2025-09-28 10:00:00,17.157,0.0
2025-09-28 11:00:00,17.851,0.0
2025-09-28 12:00:00,17.953,0.0
2025-09-28 13:00:00,18.648,0.0
2025-09-28 14:00:00,15.835,0.4
2025-09-28 15:00:00,15.525,0.0
2025-09-28 16:00:00,21.973,0.0
2025-09-28 17:00:00,12.225999999999999,0.0
2025-09-28 18:00:00,8.825,0.0
2025-09-28 19:00:00,3.958,0.0
2025-09-28 20:00:00,3.092,0.0
2025-09-28 21:00:00,5.354,0.0
2025-09-28 22:00:00,2.005,0.0
2025-09-28 23:00:00,4.068,0.0
2025-09-29 00:00:00,-1.211,0.0
2025-09-29 01:00:00,0.794,0.0
2025-09-29 02:00:00,-0.539,0.0
2025-09-29 03:00:00,-0.8740000000000001,0.0
2025-09-29 04:00:00,-1.218,0.0
2025-09-29 05:00:00,2.659,0.0
2025-09-29 06:00:00,2.223,0.0
2025-09-29 07:00:00,3.41,0.0
2025-09-29 08:00:00,7.78,0.0
2025-09-29 09:00:00,17.999000000000002,0.0
2025-09-29 10:00:00,24.993,0.0
2025-09-29 11:00:00,24.113,0.0
2025-09-29 12:00:00,19.021,0.0
2025-09-29 13:00:00,24.309,0.0
2025-09-29 14:00:00,21.691000000000003,0.0
2025-09-29 15:00:00,12.926,0.0
2025-09-29 16:00:00,14.152000000000001,0.0
2025-09-29 17:00:00,9.971,0.0
2025-09-29 18:00:00,7.154,0.0
2025-09-29 19:00:00,4.818,0.0
2025-09-29 20:00:00,4.068,0.0
2025-09-29 21:00:00,5.247,0.0
2025-09-29 22:00:00,4.281,0.6000000000000001
2025-09-29 23:00:00,1.0170000000000001,0.2
2025-09-30 00:00:00,0.464,0.0
2025-09-30 01:00:00,0.464,0.0
2025-09-30 02:00:00,0.464,0.0
2025-09-30 03:00:00,0.464,0.0
2025-09-30 04:00:00,0.464,0.0
2025-09-30 05:00:00,0.6839999999999999,0.0
2025-09-30 06:00:00,1.5670000000000002,0.0
2025-09-30 07:00:00,3.3120000000000003,0.0
2025-09-30 08:00:00,6.0969999999999995,0.0
2025-09-30 09:00:00,14.861,7.6000000000000005
2025-09-30 10:00:00,20.086,5.0
2025-09-30 11:00:00,33.227999999999994,0.0
2025-09-30 12:00:00,21.789,0.0
2025-09-30 13:00:00,19.043,0.0
2025-09-30 14:00:00,26.442,0.0
2025-09-30 15:00:00,25.089,0.0
2025-09-30 16:00:00,29.320999999999998,0.0
2025-09-30 17:00:00,12.0,0.0
2025-09-30 18:00:00,7.470000000000001,0.0
2025-09-30 19:00:00,6.204000000000001,0.0
2025-09-30 20:00:00,4.389,0.0
2025-09-30 21:00:00,0.906,0.0
2025-09-30 22:00:00,0.35300000000000004,0.0
2025-09-30 23:00:00,1.677,0.0
2025-10-01 00:00:00,2.551,0.0
2025-10-01 01:00:00,2.442,0.0
2025-10-01 02:00:00,2.551,0.2
2025-10-01 03:00:00,1.5650000000000002,0.2
2025-10-01 04:00:00,0.686,0.2
2025-10-01 05:00:00,1.237,0.8
2025-10-01 06:00:00,0.906,0.4
2025-10-01 07:00:00,2.005,1.6
2025-10-01 08:00:00,3.2,1.2000000000000002
2025-10-01 09:00:00,6.926,0.0
2025-10-01 10:00:00,13.732,0.0
2025-10-01 11:00:00,17.658,0.2
2025-10-01 12:00:00,12.024999999999999,0.8
2025-10-01 13:00:00,11.821,0.2
2025-10-01 14:00:00,17.458,0.0
2025-10-01 15:00:00,21.593,0.0
2025-10-01 16:00:00,19.141,0.0
2025-10-01 17:00:00,10.780000000000001,0.0
2025-10-01 18:00:00,6.309,0.0
2025-10-01 19:00:00,6.098,0.0
2025-10-01 20:00:00,5.886,0.0
2025-10-01 21:00:00,5.885,0.0
2025-10-01 22:00:00,4.39,0.0
2025-10-01 23:00:00,4.176,0.0
2025-10-02 00:00:00,4.2829999999999995,0.0
2025-10-02 01:00:00,4.067,0.0
2025-10-02 02:00:00,1.787,0.0
2025-10-02 03:00:00,0.686,0.2
2025-10-02 04:00:00,2.223,0.2
2025-10-02 05:00:00,2.66,0.4
2025-10-02 06:00:00,3.2030000000000003,0.8
2025-10-02 07:00:00,3.42,0.6000000000000001
2025-10-02 08:00:00,3.528,0.2
2025-10-02 09:00:00,7.672000000000001,0.0
2025-10-02 10:00:00,14.341000000000001,0.0
2025-10-02 11:00:00,15.956,0.0
2025-10-02 12:00:00,19.139,0.0
2025-10-02 13:00:00,19.141,0.0
2025-10-02 14:00:00,18.154,0.0
2025-10-02 15:00:00,21.79,0.0
2025-10-02 16:00:00,17.155,0.0
2025-10-02 17:00:00,11.097000000000001,0.0
2025-10-02 18:00:00,6.837,0.0
2025-10-02 19:00:00,5.567,0.0
2025-10-02 20:00:00,5.886,0.0
2025-10-02 21:00:00,5.246,0.0
2025-10-02 22:00:00,4.174,0.0
2025-10-02 23:00:00,3.636,0.0
2025-10-03 00:00:00,3.634,0.0
2025-10-03 01:00:00,6.098,0.0
2025-10-03 02:00:00,4.707,0.0
2025-10-03 03:00:00,2.987,0.0
2025-10-03 04:00:00,3.528,0.6000000000000001
2025-10-03 05:00:00,1.236,0.2
2025-10-03 06:00:00,0.5750000000000001,0.0
2025-10-03 07:00:00,0.9059999999999999,0.0
2025-10-03 08:00:00,2.224,1.6
2025-10-03 09:00:00,2.66,4.4
2025-10-03 10:00:00,6.599,6.2
2025-10-03 11:00:00,19.042,0.0
2025-10-03 12:00:00,7.572,0.2
2025-10-03 13:00:00,11.906,0.0
2025-10-03 14:00:00,10.382000000000001,0.0
2025-10-03 15:00:00,10.551,0.0
2025-10-03 16:00:00,18.253,0.0
2025-10-03 17:00:00,8.822,0.0
2025-10-03 18:00:00,5.353,0.0
2025-10-03 19:00:00,2.769,0.0
2025-10-03 20:00:00,2.333,0.0
2025-10-03 21:00:00,2.878,0.0
2025-10-03 22:00:00,2.551,0.0
2025-10-03 23:00:00,4.382,0.0
2025-10-04 00:00:00,2.651,0.0
2025-10-04 01:00:00,5.885,0.0
2025-10-04 02:00:00,5.886,0.0
2025-10-04 03:00:00,4.712,0.0
2025-10-04 04:00:00,2.878,0.0
2025-10-04 05:00:00,3.0949999999999998,0.0
2025-10-04 06:00:00,2.987,0.0
2025-10-04 07:00:00,4.494,0.0
2025-10-04 08:00:00,12.501999999999999,0.0
2025-10-04 09:00:00,18.549,0.0
2025-10-04 10:00:00,14.559999999999999,0.0
2025-10-04 11:00:00,14.353,0.0
2025-10-04 12:00:00,14.246,0.0
2025-10-04 13:00:00,14.959,0.0
2025-10-04 14:00:00,17.061999999999998,0.0
2025-10-04 15:00:00,12.84,0.2
2025-10-04 16:00:00,10.275,0.2
2025-10-04 17:00:00,5.881,0.0
2025-10-04 18:00:00,3.851,0.0
2025-10-04 19:00:00,4.497999999999999,0.0
2025-10-04 20:00:00,4.391,0.0
2025-10-04 21:00:00,3.744,0.0
2025-10-04 22:00:00,3.42,0.0
2025-10-04 23:00:00,3.311,0.0
2025-10-05 00:00:00,2.769,0.0
2025-10-05 01:00:00,2.223,0.0
2025-10-05 02:00:00,3.3120000000000003,0.0
2025-10-05 03:00:00,2.9859999999999998,0.0
2025-10-05 04:00:00,2.551,0.0
2025-10-05 05:00:00,2.442,0.0
2025-10-05 06:00:00,2.115,0.0
2025-10-05 07:00:00,3.743,0.0
2025-10-05 08:00:00,7.681,0.0
2025-10-05 09:00:00,10.384,0.0
2025-10-05 10:00:00,12.637,0.0
2025-10-05 11:00:00,14.56,0.0
2025-10-05 12:00:00,15.161999999999999,0.0
2025-10-05 13:00:00,8.929,0.0
2025-10-05 14:00:00,7.574,0.0
2025-10-05 15:00:00,7.89,0.4
2025-10-05 16:00:00,10.071,0.0
2025-10-05 17:00:00,6.309,0.0
2025-10-05 18:00:00,4.282,0.0
2025-10-05 19:00:00,3.96,0.0
2025-10-05 20:00:00,4.498,0.0
2025-10-05 21:00:00,4.605,0.0
2025-10-05 22:00:00,3.3120000000000003,0.0
2025-10-05 23:00:00,3.2039999999999997,0.0
2025-10-06 00:00:00,4.067,0.0
2025-10-06 01:00:00,2.984,0.0
2025-10-06 02:00:00,2.006,0.2
2025-10-06 03:00:00,1.4580000000000002,0.4
2025-10-06 04:00:00,2.115,0.4
2025-10-06 05:00:00,1.4580000000000002,0.0
2025-10-06 06:00:00,0.686,0.0
2025-10-06 07:00:00,0.796,0.2
2025-10-06 08:00:00,2.765,2.2
2025-10-06 09:00:00,16.047,0.0
2025-10-06 10:00:00,11.201,0.0
2025-10-06 11:00:00,11.719,0.0
2025-10-06 12:00:00,17.948,0.0
2025-10-06 13:00:00,9.962,0.0
2025-10-06 14:00:00,11.099,0.0
2025-10-06 15:00:00,17.328000000000003,0.0
2025-10-06 16:00:00,17.224,0.0
2025-10-06 17:00:00,9.453,0.0
2025-10-06 18:00:00,6.202,0.0
2025-10-06 19:00:00,4.605,0.0
2025-10-06 20:00:00,4.606,0.0
2025-10-06 21:00:00,3.7439999999999998,0.0
2025-10-06 22:00:00,2.333,0.0
2025-10-06 23:00:00,3.0949999999999998,0.0
2025-10-07 00:00:00,5.138,0.0
2025-10-07 01:00:00,5.884,0.0
2025-10-07 02:00:00,4.39,0.0
2025-10-07 03:00:00,6.098,0.0
2025-10-07 04:00:00,5.886,0.0
2025-10-07 05:00:00,5.461,0.0
2025-10-07 06:00:00,5.461,0.0
2025-10-07 07:00:00,6.202,0.0
2025-10-07 08:00:00,10.379000000000001,0.0
2025-10-07 09:00:00,15.759,0.0
2025-10-07 10:00:00,17.445999999999998,0.0
2025-10-07 11:00:00,21.301000000000002,0.0
2025-10-07 12:00:00,21.981,0.0
2025-10-07 13:00:00,20.616,0.0
2025-10-07 14:00:00,17.142,0.2
2025-10-07 15:00:00,20.737000000000002,1.4000000000000001
2025-10-07 16:00:00,8.413,0.4
2025-10-07 17:00:00,7.260999999999999,0.0
2025-10-07 18:00:00,3.2,0.0
2025-10-07 19:00:00,1.568,0.0
2025-10-07 20:00:00,0.5750000000000001,0.0
2025-10-07 21:00:00,-0.315,0.0
2025-10-07 22:00:00,-1.436,0.0
2025-10-07 23:00:00,-1.5510000000000002,0.0
2025-10-08 00:00:00,-0.092,0.0
2025-10-08 01:00:00,-0.315,0.0
2025-10-08 02:00:00,-0.762,0.0
2025-10-08 03:00:00,-0.092,0.0
2025-10-08 04:00:00,1.346,0.0
2025-10-08 05:00:00,2.224,0.0
2025-10-08 06:00:00,1.348,0.0
2025-10-08 07:00:00,3.738,0.0
2025-10-08 08:00:00,12.208,0.0
2025-10-08 09:00:00,25.756,0.0
2025-10-08 10:00:00,27.788,0.0
2025-10-08 11:00:00,23.729,0.0
2025-10-08 12:00:00,14.956,0.0
2025-10-08 13:00:00,19.339,0.0
2025-10-08 14:00:00,20.003999999999998,0.2
2025-10-08 15:00:00,13.449,0.4
2025-10-08 16:00:00,8.081,0.4
2025-10-08 17:00:00,4.605,0.2
2025-10-08 18:00:00,4.498,0.0
2025-10-08 19:00:00,4.176,0.0
2025-10-08 20:00:00,2.878,0.2
2025-10-08 21:00:00,2.442,0.0
2025-10-08 22:00:00,3.2039999999999997,0.0
2025-10-08 23:00:00,3.096,0.0
2025-10-09 00:00:00,2.551,0.2
2025-10-09 01:00:00,2.769,0.0
2025-10-09 02:00:00,2.878,0.0
2025-10-09 03:00:00,2.224,0.2
2025-10-09 04:00:00,2.006,0.0
2025-10-09 05:00:00,2.006,0.0
2025-10-09 06:00:00,2.114,0.0
2025-10-09 07:00:00,6.279,0.0
2025-10-09 08:00:00,16.825,0.0
2025-10-09 09:00:00,15.864,0.0
2025-10-09 10:00:00,19.433999999999997,0.0
2025-10-09 11:00:00,24.972,0.0
2025-10-09 12:00:00,16.962,0.0
2025-10-09 13:00:00,16.444000000000003,0.2
2025-10-09 14:00:00,14.452000000000002,0.2
2025-10-09 15:00:00,12.025,0.0
2025-10-09 16:00:00,24.972,0.0
2025-10-09 17:00:00,18.337,0.0
2025-10-09 18:00:00,8.932,0.0
2025-10-09 19:00:00,6.308,0.0
2025-10-09 20:00:00,6.204,0.2
2025-10-09 21:00:00,1.893,1.8
2025-10-09 22:00:00,1.126,2.0
2025-10-09 23:00:00,2.114,1.2000000000000002
2025-10-10 00:00:00,3.7439999999999998,0.8
2025-10-10 01:00:00,3.528,0.2
2025-10-10 02:00:00,3.42,0.0
2025-10-10 03:00:00,2.987,0.2
2025-10-10 04:00:00,2.878,0.0
2025-10-10 05:00:00,2.551,0.2
2025-10-10 06:00:00,2.551,0.4
2025-10-10 07:00:00,4.066,0.0
2025-10-10 08:00:00,7.558,0.0
2025-10-10 09:00:00,11.31,0.0
2025-10-10 10:00:00,24.522999999999996,0.0
2025-10-10 11:00:00,28.549,0.0
2025-10-10 12:00:00,29.981,0.0
2025-10-10 13:00:00,17.951,0.0
2025-10-10 14:00:00,13.548,0.0
2025-10-10 15:00:00,15.661999999999999,0.0
2025-10-10 16:00:00,10.278,0.2
2025-10-10 17:00:00,8.100000000000001,0.0
2025-10-10 18:00:00,7.0489999999999995,0.2
2025-10-10 19:00:00,5.779,0.0
2025-10-10 20:00:00,3.9589999999999996,0.0
2025-10-10 21:00:00,3.2039999999999997,0.0
2025-10-10 22:00:00,1.456,0.0
2025-10-10 23:00:00,0.35100000000000003,0.0
2025-10-11 00:00:00,1.127,0.0
2025-10-11 01:00:00,0.13,0.0
2025-10-11 02:00:00,-1.324,0.0
2025-10-11 03:00:00,-2.342,0.0
2025-10-11 04:00:00,-2.455,0.0
2025-10-11 05:00:00,-1.436,0.0
2025-10-11 06:00:00,-1.436,0.0
2025-10-11 07:00:00,1.646,0.0
2025-10-11 08:00:00,7.151,0.0
2025-10-11 09:00:00,13.652000000000001,0.0
2025-10-11 10:00:00,21.96,0.0
2025-10-11 11:00:00,24.599,0.0
2025-10-11 12:00:00,29.703000000000003,0.0
2025-10-11 13:00:00,20.803,0.0
2025-10-11 14:00:00,29.89,0.0
2025-10-11 15:00:00,20.797,0.0
2025-10-11 16:00:00,13.649000000000001,0.0
2025-10-11 17:00:00,9.866,0.0
2025-10-11 18:00:00,6.518,0.0
2025-10-11 19:00:00,3.093,0.0
2025-10-11 20:00:00,1.787,0.0
2025-10-11 21:00:00,0.463,0.0
2025-10-11 22:00:00,1.456,0.0
2025-10-11 23:00:00,0.684,0.0
2025-10-12 00:00:00,-0.315,0.0
2025-10-12 01:00:00,0.019000000000000003,0.0
2025-10-12 02:00:00,-0.427,0.0
2025-10-12 03:00:00,-0.315,0.0
2025-10-12 04:00:00,-0.204,0.0
2025-10-12 05:00:00,-0.65,0.0
2025-10-12 06:00:00,0.016000000000000014,0.0
2025-10-12 07:00:00,2.9859999999999998,0.0
2025-10-12 08:00:00,7.676,0.0
2025-10-12 09:00:00,14.255,0.0
2025-10-12 10:00:00,15.963999999999999,0.0
2025-10-12 11:00:00,15.163,0.0
2025-10-12 12:00:00,12.434000000000001,0.2
2025-10-12 13:00:00,14.256,0.0
2025-10-12 14:00:00,13.853000000000002,0.0
2025-10-12 15:00:00,11.72,0.0
2025-10-12 16:00:00,10.075,0.0
2025-10-12 17:00:00,9.557,0.0
2025-10-12 18:00:00,7.68,0.0
2025-10-12 19:00:00,5.779,0.0
2025-10-12 20:00:00,2.657,0.0
2025-10-12 21:00:00,0.5750000000000001,0.0
2025-10-12 22:00:00,0.5740000000000001,0.0
2025-10-12 23:00:00,2.551,0.0
2025-10-13 00:00:00,1.787,0.0
2025-10-13 01:00:00,1.348,0.0
2025-10-13 02:00:00,0.35100000000000003,0.0
2025-10-13 03:00:00,-0.092,0.0
2025-10-13 04:00:00,0.24200000000000002,0.0
2025-10-13 05:00:00,0.24100000000000005,0.0
2025-10-13 06:00:00,1.016,0.0
2025-10-13 07:00:00,4.813,0.0
2025-10-13 08:00:00,10.886,0.0
2025-10-13 09:00:00,17.554,0.0
2025-10-13 10:00:00,17.061,0.0
2025-10-13 11:00:00,9.347999999999999,0.0
2025-10-13 12:00:00,14.359,0.0
2025-10-13 13:00:00,12.434000000000001,1.8
2025-10-13 14:00:00,8.515,2.0
2025-10-13 15:00:00,15.158999999999999,0.0
2025-10-13 16:00:00,10.481,2.2
2025-10-13 17:00:00,5.566,0.6000000000000001
2025-10-13 18:00:00,4.605,1.2000000000000002
2025-10-13 19:00:00,3.2030000000000003,1.6
2025-10-13 20:00:00,1.127,1.0
2025-10-13 21:00:00,0.5750000000000001,0.0
2025-10-13 22:00:00,0.686,0.2
2025-10-13 23:00:00,0.5750000000000001,0.0
2025-10-14 00:00:00,0.464,0.0
2025-10-14 01:00:00,0.464,0.0
2025-10-14 02:00:00,0.464,0.0
2025-10-14 03:00:00,0.464,0.0
2025-10-14 04:00:00,0.796,0.0
2025-10-14 05:00:00,0.5750000000000001,0.0
2025-10-14 06:00:00,0.464,0.0
2025-10-14 07:00:00,1.346,0.0
2025-10-14 08:00:00,10.843,0.6000000000000001
2025-10-14 09:00:00,29.033,15.0
2025-10-14 10:00:00,36.09,8.0
2025-10-14 11:00:00,37.807,0.0
2025-10-14 12:00:00,33.614,0.0
2025-10-14 13:00:00,15.463999999999999,0.6000000000000001
2025-10-14 14:00:00,11.918,0.8
2025-10-14 15:00:00,4.806,0.8
2025-10-14 16:00:00,0.796,0.0
2025-10-14 17:00:00,0.5750000000000001,0.2
2025-10-14 18:00:00,0.686,0.0
2025-10-14 19:00:00,0.464,0.0
2025-10-14 20:00:00,0.686,0.0
2025-10-14 21:00:00,0.353,0.0
2025-10-14 22:00:00,-0.426,0.0
2025-10-14 23:00:00,-1.212,0.0
2025-10-15 00:00:00,-1.324,0.0
2025-10-15 01:00:00,-2.003,0.0
2025-10-15 02:00:00,-3.3709999999999996,0.0
2025-10-15 03:00:00,-5.338,0.0
2025-10-15 04:00:00,-3.8289999999999997,0.0
2025-10-15 05:00:00,-5.22,0.0
2025-10-15 06:00:00,-4.059,0.0
2025-10-15 07:00:00,-0.796,0.0
2025-10-15 08:00:00,15.640999999999998,3.6
2025-10-15 09:00:00,26.423000000000002,5.6000000000000005
2025-10-15 10:00:00,40.66,0.0
2025-10-15 11:00:00,35.044,0.0
2025-10-15 12:00:00,28.261,0.0
2025-10-15 13:00:00,28.651,0.0
2025-10-15 14:00:00,23.326,0.0
2025-10-15 15:00:00,15.059000000000001,0.0
2025-10-15 16:00:00,10.797,0.0
2025-10-15 17:00:00,9.453,0.0
2025-10-15 18:00:00,6.515000000000001,0.0
2025-10-15 19:00:00,3.7439999999999998,0.0
2025-10-15 20:00:00,4.391,0.0
2025-10-15 21:00:00,3.744,0.0
2025-10-15 22:00:00,3.312,0.0
2025-10-15 23:00:00,5.247,0.0
2025-10-16 00:00:00,3.851,0.0
2025-10-16 01:00:00,3.1979999999999995,0.0
2025-10-16 02:00:00,2.224,0.0
2025-10-16 03:00:00,-0.43000000000000005,0.0
2025-10-16 04:00:00,-2.115,0.0
2025-10-16 05:00:00,-2.911,0.0
2025-10-16 06:00:00,0.119,0.0
2025-10-16 07:00:00,4.389,0.0
2025-10-16 08:00:00,14.452000000000002,0.0
2025-10-16 09:00:00,19.631,0.0
2025-10-16 10:00:00,26.344,0.0
2025-10-16 11:00:00,28.459,0.0
2025-10-16 12:00:00,23.731,0.0
2025-10-16 13:00:00,24.705,0.0
2025-10-16 14:00:00,25.282,0.0
2025-10-16 15:00:00,14.437,2.2
2025-10-16 16:00:00,7.1530000000000005,2.8000000000000003
2025-10-16 17:00:00,4.173,0.4
2025-10-16 18:00:00,4.389,0.0
2025-10-16 19:00:00,3.311,0.0
2025-10-16 20:00:00,2.769,0.0
2025-10-16 21:00:00,2.114,0.0
2025-10-16 22:00:00,3.0949999999999998,0.6000000000000001
2025-10-16 23:00:00,2.333,0.6000000000000001
2025-10-17 00:00:00,1.347,1.2000000000000002
2025-10-17 01:00:00,2.005,0.4
2025-10-17 02:00:00,2.006,0.2
2025-10-17 03:00:00,2.006,0.0
2025-10-17 04:00:00,2.006,0.0
2025-10-17 05:00:00,2.333,0.0
2025-10-17 06:00:00,3.096,0.2
2025-10-17 07:00:00,4.066,0.2
2025-10-17 08:00:00,9.940000000000001,0.0
2025-10-17 09:00:00,15.962,0.0
2025-10-17 10:00:00,19.03,0.0
2025-10-17 11:00:00,16.335,0.0
2025-10-17 12:00:00,22.759,0.0
2025-10-17 13:00:00,22.958,0.0
2025-10-17 14:00:00,16.259999999999998,0.0
2025-10-17 15:00:00,13.243,0.0
2025-10-17 16:00:00,11.105,0.0
2025-10-17 17:00:00,8.617,0.0
2025-10-17 18:00:00,3.527,0.0
2025-10-17 19:00:00,1.347,0.0
2025-10-17 20:00:00,1.786,0.0
2025-10-17 21:00:00,4.175,0.0
2025-10-17 22:00:00,4.925,0.0
2025-10-17 23:00:00,5.461,0.0
2025-10-18 00:00:00,4.497999999999999,0.0
2025-10-18 01:00:00,5.673,0.0
2025-10-18 02:00:00,4.927,0.6000000000000001
2025-10-18 03:00:00,2.66,1.0
2025-10-18 04:00:00,1.8960000000000001,0.6000000000000001
2025-10-18 05:00:00,2.442,0.2
2025-10-18 06:00:00,2.878,0.0
2025-10-18 07:00:00,4.927,0.0
2025-10-18 08:00:00,5.673,0.0
2025-10-18 09:00:00,7.26,0.0
2025-10-18 10:00:00,12.004000000000001,0.0
2025-10-18 11:00:00,21.301000000000002,0.0
2025-10-18 12:00:00,24.502000000000002,0.0
2025-10-18 13:00:00,26.529,0.0
2025-10-18 14:00:00,27.399,0.0
2025-10-18 15:00:00,24.509,0.0
2025-10-18 16:00:00,16.425,0.2
2025-10-18 17:00:00,8.516,0.0
2025-10-18 18:00:00,6.415,0.0
2025-10-18 19:00:00,5.247,0.0
2025-10-18 20:00:00,6.731,0.0
2025-10-18 21:00:00,7.996,0.0
2025-10-18 22:00:00,7.05,0.0
2025-10-18 23:00:00,6.7330000000000005,0.0
2025-10-19 00:00:00,6.944,0.0
2025-10-19 01:00:00,6.416,0.0
2025-10-19 02:00:00,6.3100000000000005,0.0
2025-10-19 03:00:00,5.886,0.0
2025-10-19 04:00:00,4.925,0.0
2025-10-19 05:00:00,5.247,0.0
2025-10-19 06:00:00,4.174,0.0
2025-10-19 07:00:00,2.9859999999999998,0.0
2025-10-19 08:00:00,2.9859999999999998,0.4
2025-10-19 09:00:00,3.3120000000000003,0.8
2025-10-19 10:00:00,5.461,1.0
2025-10-19 11:00:00,6.096,1.0
2025-10-19 12:00:00,10.177,0.6000000000000001
2025-10-19 13:00:00,12.434000000000001,0.0
2025-10-19 14:00:00,20.704,0.0
2025-10-19 15:00:00,19.926000000000002,0.0
2025-10-19 16:00:00,15.956,0.0
2025-10-19 17:00:00,9.033999999999999,0.4
2025-10-19 18:00:00,6.098,0.0
2025-10-19 19:00:00,4.497999999999999,0.0
2025-10-19 20:00:00,3.9589999999999996,0.0
2025-10-19 21:00:00,3.744,0.0
2025-10-19 22:00:00,3.528,0.0
2025-10-19 23:00:00,2.551,0.0
2025-10-20 00:00:00,3.96,0.0
2025-10-20 01:00:00,3.311,0.0
2025-10-20 02:00:00,1.786,0.2
2025-10-20 03:00:00,2.551,0.0
2025-10-20 04:00:00,1.016,0.0
2025-10-20 05:00:00,1.016,0.0
2025-10-20 06:00:00,1.784,0.0
2025-10-20 07:00:00,7.455,0.0
2025-10-20 08:00:00,16.242,0.0
2025-10-20 09:00:00,18.438,0.0
2025-10-20 10:00:00,28.167,0.0
2025-10-20 11:00:00,24.096,0.0
2025-10-20 12:00:00,15.863,0.0
2025-10-20 13:00:00,17.055,0.0
2025-10-20 14:00:00,21.686999999999998,0.0
2025-10-20 15:00:00,13.551,0.0
2025-10-20 16:00:00,12.128,0.0
2025-10-20 17:00:00,9.97,0.0
2025-10-20 18:00:00,7.576,0.0
2025-10-20 19:00:00,4.921,0.0
2025-10-20 20:00:00,1.895,0.0
2025-10-20 21:00:00,1.016,0.0
2025-10-20 22:00:00,0.242,0.0
2025-10-20 23:00:00,0.242,0.0
2025-10-21 00:00:00,0.9059999999999999,0.0
2025-10-21 01:00:00,-1.324,0.0
2025-10-21 02:00:00,-2.115,0.0
2025-10-21 03:00:00,-2.7969999999999997,0.0
2025-10-21 04:00:00,-2.682,0.0
2025-10-21 05:00:00,-2.3419999999999996,0.0
2025-10-21 06:00:00,-2.911,0.0
2025-10-21 07:00:00,2.612,0.0
2025-10-21 08:00:00,19.713,0.0
2025-10-21 09:00:00,26.73,0.0
2025-10-21 10:00:00,30.277,0.0
2025-10-21 11:00:00,28.651,0.0
2025-10-21 12:00:00,25.569000000000003,0.0
2025-10-21 13:00:00,23.242,0.0
2025-10-21 14:00:00,17.155,0.0
2025-10-21 15:00:00,15.864,0.0
2025-10-21 16:00:00,15.463000000000001,0.0
2025-10-21 17:00:00,12.025,0.0
2025-10-21 18:00:00,7.785,0.0
2025-10-21 19:00:00,5.352,0.0
2025-10-21 20:00:00,3.201,0.0
2025-10-21 21:00:00,1.675,0.0
2025-10-21 22:00:00,0.24000000000000002,0.0
2025-10-21 23:00:00,0.019000000000000003,0.0
2025-10-22 00:00:00,-0.764,0.0
2025-10-22 01:00:00,-1.436,0.0
2025-10-22 02:00:00,-1.211,0.0
2025-10-22 03:00:00,-2.342,0.0
2025-10-22 04:00:00,0.010000000000000009,0.0
2025-10-22 05:00:00,1.5650000000000002,0.0
2025-10-22 06:00:00,0.24200000000000002,0.0
2025-10-22 07:00:00,2.433,0.0
2025-10-22 08:00:00,21.647,0.0
2025-10-22 09:00:00,25.57,0.0
2025-10-22 10:00:00,24.211,0.0
2025-10-22 11:00:00,25.848,0.0
2025-10-22 12:00:00,20.122999999999998,0.0
2025-10-22 13:00:00,18.154,0.0
2025-10-22 14:00:00,20.192,0.0
2025-10-22 15:00:00,19.923000000000002,0.0
2025-10-22 16:00:00,19.036,0.0
2025-10-22 17:00:00,12.936,0.0
2025-10-22 18:00:00,9.038,0.0
2025-10-22 19:00:00,6.837,3.8000000000000003
2025-10-22 20:00:00,3.8520000000000003,1.0
2025-10-22 21:00:00,4.82,0.0
2025-10-22 22:00:00,4.927,0.4
2025-10-22 23:00:00,4.175,0.0
2025-10-23 00:00:00,4.175,0.6000000000000001
2025-10-23 01:00:00,3.636,0.0
2025-10-23 02:00:00,3.096,0.0
2025-10-23 03:00:00,3.312,0.2
2025-10-23 04:00:00,3.0949999999999998,0.0
2025-10-23 05:00:00,2.987,0.2
2025-10-23 06:00:00,3.0949999999999998,0.0
2025-10-23 07:00:00,6.093,0.0
2025-10-23 08:00:00,7.469,1.0
2025-10-23 09:00:00,9.849,0.0
2025-10-23 10:00:00,23.83,0.0
2025-10-23 11:00:00,32.373999999999995,0.2
2025-10-23 12:00:00,32.376999999999995,0.0
2025-10-23 13:00:00,26.537,0.0
2025-10-23 14:00:00,20.122999999999998,0.0
2025-10-23 15:00:00,15.863,0.0
2025-10-23 16:00:00,12.933,0.2
2025-10-23 17:00:00,8.307,0.6000000000000001
2025-10-23 18:00:00,6.521,0.0
2025-10-23 19:00:00,6.204,0.2
2025-10-23 20:00:00,5.674,0.0
2025-10-23 21:00:00,5.247,0.0
2025-10-23 22:00:00,3.8520000000000003,0.0
2025-10-23 23:00:00,2.9859999999999998,0.0
2025-10-24 00:00:00,2.549,0.0
2025-10-24 01:00:00,3.528,0.0
2025-10-24 02:00:00,2.9859999999999998,0.0
2025-10-24 03:00:00,2.987,0.0
2025-10-24 04:00:00,3.636,0.0
2025-10-24 05:00:00,3.2039999999999997,0.0
2025-10-24 06:00:00,3.3120000000000003,0.0
2025-10-24 07:00:00,4.71,0.0
2025-10-24 08:00:00,8.719,0.0
2025-10-24 09:00:00,22.054000000000002,0.0
2025-10-24 10:00:00,28.076,0.0
2025-10-24 11:00:00,33.041000000000004,0.0
2025-10-24 12:00:00,20.515,0.0
2025-10-24 13:00:00,18.137,0.4
2025-10-24 14:00:00,18.747,0.0
2025-10-24 15:00:00,15.664,0.0
2025-10-24 16:00:00,9.962,1.6
2025-10-24 17:00:00,7.993,0.0
2025-10-24 18:00:00,7.156,0.2
2025-10-24 19:00:00,4.818,0.0
2025-10-24 20:00:00,2.877,0.0
2025-10-24 21:00:00,3.3120000000000003,0.0
2025-10-24 22:00:00,2.9850000000000003,0.0
2025-10-24 23:00:00,4.175,0.2
2025-10-25 00:00:00,1.016,0.0
2025-10-25 01:00:00,0.019000000000000003,0.0
2025-10-25 02:00:00,-0.986,0.0
2025-10-25 03:00:00,-1.324,0.0
2025-10-25 04:00:00,-1.774,0.0
2025-10-25 05:00:00,-0.762,0.0
2025-10-25 06:00:00,-1.436,0.0
2025-10-25 07:00:00,3.6210000000000004,0.0
2025-10-25 08:00:00,22.442,0.0
2025-10-25 09:00:00,30.087,0.0
2025-10-25 10:00:00,35.996,0.0
2025-10-25 11:00:00,23.444000000000003,0.0
2025-10-25 12:00:00,26.586,0.0
2025-10-25 13:00:00,23.927999999999997,0.0
2025-10-25 14:00:00,26.820999999999998,0.0
2025-10-25 15:00:00,15.635,1.0
2025-10-25 16:00:00,10.588999999999999,0.2
2025-10-25 17:00:00,12.128,0.0
2025-10-25 18:00:00,6.726000000000001,0.0
2025-10-25 19:00:00,3.744,0.0
2025-10-25 20:00:00,3.42,0.0
2025-10-25 21:00:00,5.247,0.6000000000000001
2025-10-25 22:00:00,4.390000000000001,0.6000000000000001
2025-10-25 23:00:00,4.2829999999999995,1.0
2025-10-26 00:00:00,3.202,2.2
2025-10-26 01:00:00,1.456,0.8
2025-10-26 02:00:00,0.686,1.6
2025-10-26 03:00:00,1.126,2.4000000000000004
2025-10-26 04:00:00,0.796,2.2
2025-10-26 05:00:00,1.237,2.0
2025-10-26 06:00:00,2.551,2.2
2025-10-26 07:00:00,4.813,3.8000000000000003
2025-10-26 08:00:00,11.099,0.2
2025-10-26 09:00:00,14.960999999999999,0.0
2025-10-26 10:00:00,21.302,0.0
2025-10-26 11:00:00,26.056,0.0
2025-10-26 12:00:00,20.583,0.8
2025-10-26 13:00:00,19.374,0.0
2025-10-26 14:00:00,22.744,0.0
2025-10-26 15:00:00,13.347,0.0
2025-10-26 16:00:00,13.143,0.0
2025-10-26 17:00:00,9.558,0.0
2025-10-26 18:00:00,7.890000000000001,0.0
2025-10-26 19:00:00,7.26,0.0
2025-10-26 20:00:00,6.204,0.0
2025-10-26 21:00:00,6.522,0.0
2025-10-26 22:00:00,4.712,0.0
2025-10-26 23:00:00,3.312,0.0
2025-10-27 00:00:00,2.006,0.0
2025-10-27 01:00:00,0.7949999999999999,0.0
2025-10-27 02:00:00,-0.20400000000000001,0.0
2025-10-27 03:00:00,-0.874,0.0
2025-10-27 04:00:00,-1.323,0.0
2025-10-27 05:00:00,-1.099,0.0
2025-10-27 06:00:00,-0.651,0.0
2025-10-27 07:00:00,3.833,0.0
2025-10-27 08:00:00,14.649999999999999,0.0
2025-10-27 09:00:00,24.315,0.2
2025-10-27 10:00:00,23.236,0.0
2025-10-27 11:00:00,30.37,0.0
2025-10-27 12:00:00,32.661,0.0
2025-10-27 13:00:00,27.559,0.0
2025-10-27 14:00:00,21.203,0.0
2025-10-27 15:00:00,16.059,0.0
2025-10-27 16:00:00,12.434000000000001,0.0
2025-10-27 17:00:00,11.515,0.0
2025-10-27 18:00:00,9.868,0.0
2025-10-27 19:00:00,8.725999999999999,0.2
2025-10-27 20:00:00,7.681,0.4
2025-10-27 21:00:00,6.628,0.2
2025-10-27 22:00:00,6.204,0.0
2025-10-27 23:00:00,5.141,0.0
2025-10-28 00:00:00,4.068,0.0
2025-10-28 01:00:00,3.31,0.0
2025-10-28 02:00:00,2.551,0.0
2025-10-28 03:00:00,2.442,0.0
2025-10-28 04:00:00,3.2030000000000003,0.0
2025-10-28 05:00:00,3.8520000000000003,0.4
2025-10-28 06:00:00,4.176,0.0
2025-10-28 07:00:00,5.140000000000001,0.2
2025-10-28 08:00:00,6.628,1.8
2025-10-28 09:00:00,9.951,0.2
2025-10-28 10:00:00,17.955,0.0
2025-10-28 11:00:00,30.271,0.0
2025-10-28 12:00:00,26.826999999999998,0.0
2025-10-28 13:00:00,23.444,0.0
2025-10-28 14:00:00,20.518,0.0
2025-10-28 15:00:00,18.253,0.0
2025-10-28 16:00:00,15.36,0.0
2025-10-28 17:00:00,13.043,0.0
2025-10-28 18:00:00,9.347999999999999,0.0
2025-10-28 19:00:00,7.891,0.0
2025-10-28 20:00:00,6.942,0.0
2025-10-28 21:00:00,5.46,0.0
2025-10-28 22:00:00,5.247,0.0
2025-10-28 23:00:00,6.204,0.0
2025-10-29 00:00:00,5.567,0.0
2025-10-29 01:00:00,5.567,0.0
2025-10-29 02:00:00,5.354,0.0
2025-10-29 03:00:00,5.567,0.0
2025-10-29 04:00:00,5.354,0.0
2025-10-29 05:00:00,5.46,0.8
2025-10-29 06:00:00,4.390000000000001,0.8
2025-10-29 07:00:00,4.39,1.0
2025-10-29 08:00:00,4.391,2.6
2025-10-29 09:00:00,2.769,2.4000000000000004
2025-10-29 10:00:00,8.502,0.8
2025-10-29 11:00:00,9.868,1.0
2025-10-29 12:00:00,7.679,0.6000000000000001
2025-10-29 13:00:00,8.404,0.6000000000000001
2025-10-29 14:00:00,10.383,0.2
2025-10-29 15:00:00,9.246,0.0
2025-10-29 16:00:00,9.142,0.0
2025-10-29 17:00:00,8.725999999999999,0.0
2025-10-29 18:00:00,6.837999999999999,0.0
2025-10-29 19:00:00,3.528,0.0
2025-10-29 20:00:00,4.175,0.0
2025-10-29 21:00:00,4.068,0.0
2025-10-29 22:00:00,4.39,0.0
2025-10-29 23:00:00,4.497999999999999,0.0
2025-10-30 00:00:00,4.497999999999999,0.0
2025-10-30 01:00:00,4.819,0.0
2025-10-30 02:00:00,3.7439999999999998,0.0
2025-10-30 03:00:00,3.3120000000000003,0.0
2025-10-30 04:00:00,4.2829999999999995,0.0
2025-10-30 05:00:00,4.39,0.2
2025-10-30 06:00:00,4.2829999999999995,0.0
2025-10-30 07:00:00,10.657,0.0
2025-10-30 08:00:00,22.369,0.0
2025-10-30 09:00:00,27.112000000000002,0.0
2025-10-30 10:00:00,23.735,0.0
2025-10-30 11:00:00,24.218,0.0
2025-10-30 12:00:00,17.856,0.0
2025-10-30 13:00:00,23.055,0.0
2025-10-30 14:00:00,15.949000000000002,0.0
2025-10-30 15:00:00,11.617,0.0
2025-10-30 16:00:00,9.765,0.0
2025-10-30 17:00:00,9.245000000000001,0.0
2025-10-30 18:00:00,7.469,0.0
2025-10-30 19:00:00,3.527,0.0
2025-10-30 20:00:00,2.224,0.0
2025-10-30 21:00:00,1.677,0.0
2025-10-30 22:00:00,1.786,0.0
2025-10-30 23:00:00,1.016,0.0
2025-10-31 00:00:00,0.02,0.0
2025-10-31 01:00:00,-0.762,0.0
2025-10-31 02:00:00,-0.9870000000000001,0.0
2025-10-31 03:00:00,-0.986,0.0
2025-10-31 04:00:00,-0.9870000000000001,0.0
2025-10-31 05:00:00,-2.002,0.0
2025-10-31 06:00:00,-1.436,0.0
2025-10-31 07:00:00,4.02,0.0
2025-10-31 08:00:00,23.717,0.0
2025-10-31 09:00:00,28.843,0.0
2025-10-31 10:00:00,30.66,0.0
2025-10-31 11:00:00,22.647,1.0
2025-10-31 12:00:00,11.719000000000001,0.2
2025-10-31 13:00:00,11.719000000000001,0.0
2025-10-31 14:00:00,21.689999999999998,0.0
2025-10-31 15:00:00,16.362000000000002,0.0
2025-10-31 16:00:00,13.347999999999999,0.0
2025-10-31 17:00:00,9.139,0.0
2025-10-31 18:00:00,7.154999999999999,0.0
2025-10-31 19:00:00,5.248,0.0
2025-10-31 20:00:00,4.605,0.0
2025-10-31 21:00:00,3.7439999999999998,0.0
2025-10-31 22:00:00,2.224,0.0
2025-10-31 23:00:00,2.442,0.0
2025-11-01 00:00:00,1.787,0.0
2025-11-01 01:00:00,1.787,0.0
2025-11-01 02:00:00,0.13,0.0
2025-11-01 03:00:00,-1.323,0.0
2025-11-01 04:00:00,-1.6629999999999998,0.0
2025-11-01 05:00:00,0.573,0.0
2025-11-01 06:00:00,0.796,0.0
2025-11-01 07:00:00,5.297000000000001,0.0
2025-11-01 08:00:00,20.22,0.0
2025-11-01 09:00:00,29.798000000000002,0.0
2025-11-01 10:00:00,27.884,0.0
2025-11-01 11:00:00,25.573,0.0
2025-11-01 12:00:00,18.544,0.0
2025-11-01 13:00:00,18.243000000000002,0.0
2025-11-01 14:00:00,20.219,0.0
2025-11-01 15:00:00,17.36,0.0
2025-11-01 16:00:00,16.955,0.0
2025-11-01 17:00:00,12.026,0.0
2025-11-01 18:00:00,7.988,0.0
2025-11-01 19:00:00,4.175,0.0
2025-11-01 20:00:00,2.114,0.0
2025-11-01 21:00:00,0.5740000000000001,0.0
2025-11-01 22:00:00,1.122,0.0
2025-11-01 23:00:00,3.9589999999999996,0.0
2025-11-02 00:00:00,4.712,0.0
2025-11-02 01:00:00,0.999,0.0
2025-11-02 02:00:00,-1.323,0.0
2025-11-02 03:00:00,-1.211,0.0
2025-11-02 04:00:00,-2.115,0.0
2025-11-02 05:00:00,2.758,0.0
2025-11-02 06:00:00,6.522,0.0
2025-11-02 07:00:00,6.945,0.0
2025-11-02 08:00:00,11.709,0.0
2025-11-02 09:00:00,18.844,0.0
2025-11-02 10:00:00,19.338,0.0
2025-11-02 11:00:00,25.087,0.0
2025-11-02 12:00:00,31.037,0.0
2025-11-02 13:00:00,34.283,0.0
2025-11-02 14:00:00,34.187,0.0
2025-11-02 15:00:00,26.627,0.0
2025-11-02 16:00:00,13.744,0.2
2025-11-02 17:00:00,11.515,0.0
2025-11-02 18:00:00,8.934000000000001,0.0
2025-11-02 19:00:00,7.259,0.0
2025-11-02 20:00:00,6.204,0.0
2025-11-02 21:00:00,5.461,0.0
2025-11-02 22:00:00,5.248,1.2000000000000002
2025-11-02 23:00:00,4.713,0.4
2025-11-03 00:00:00,4.605,0.0
2025-11-03 01:00:00,4.713,0.6000000000000001
2025-11-03 02:00:00,4.175,0.2
2025-11-03 03:00:00,4.068,0.0
2025-11-03 04:00:00,4.176,0.2
2025-11-03 05:00:00,4.606,0.0
2025-11-03 06:00:00,5.032,0.0
2025-11-03 07:00:00,6.204,0.0
2025-11-03 08:00:00,14.732000000000001,0.0
2025-11-03 09:00:00,27.98,0.0
2025-11-03 10:00:00,28.843,0.0
2025-11-03 11:00:00,27.98,0.0
2025-11-03 12:00:00,28.746,0.0
2025-11-03 13:00:00,24.198999999999998,0.2
2025-11-03 14:00:00,16.362000000000002,0.4
2025-11-03 15:00:00,19.826999999999998,0.0
2025-11-03 16:00:00,14.155000000000001,0.0
2025-11-03 17:00:00,11.104,0.0
2025-11-03 18:00:00,9.350000000000001,0.2
2025-11-03 19:00:00,7.89,2.8000000000000003
2025-11-03 20:00:00,4.82,0.2
2025-11-03 21:00:00,4.713,0.0
2025-11-03 22:00:00,5.354,0.0
2025-11-03 23:00:00,5.567,0.0
2025-11-04 00:00:00,5.46,0.4
2025-11-04 01:00:00,5.354,0.8
2025-11-04 02:00:00,5.354,0.2
2025-11-04 03:00:00,4.712,0.0
2025-11-04 04:00:00,4.2829999999999995,0.0
2025-11-04 05:00:00,2.327,0.0
2025-11-04 06:00:00,2.333,0.0
2025-11-04 07:00:00,8.038,0.0
2025-11-04 08:00:00,18.549,0.0
2025-11-04 09:00:00,17.658,0.0
2025-11-04 10:00:00,15.962,0.0
2025-11-04 11:00:00,12.013,1.4000000000000001
2025-11-04 12:00:00,16.957,0.0
2025-11-04 13:00:00,21.393,0.0
2025-11-04 14:00:00,17.558,0.0
2025-11-04 15:00:00,18.546,0.0
2025-11-04 16:00:00,14.748999999999999,0.0
2025-11-04 17:00:00,10.075,0.0
2025-11-04 18:00:00,8.307,0.0
2025-11-04 19:00:00,6.095,0.0
2025-11-04 20:00:00,4.605,0.0
2025-11-04 21:00:00,5.034,0.0
2025-11-04 22:00:00,4.175,0.0
2025-11-04 23:00:00,2.9850000000000003,0.0
2025-11-05 00:00:00,2.333,0.0
2025-11-05 01:00:00,2.769,0.0
2025-11-05 02:00:00,2.987,0.0
2025-11-05 03:00:00,2.987,0.0
2025-11-05 04:00:00,2.66,0.0
2025-11-05 05:00:00,2.987,0.2
2025-11-05 06:00:00,2.551,1.0
2025-11-05 07:00:00,4.167,0.4
2025-11-05 08:00:00,10.247,0.0
2025-11-05 09:00:00,13.95,1.2000000000000002
2025-11-05 10:00:00,8.205,0.6000000000000001
2025-11-05 11:00:00,9.246,0.2
2025-11-05 12:00:00,10.693999999999999,0.0
2025-11-05 13:00:00,9.142,0.0
2025-11-05 14:00:00,11.411999999999999,0.0
2025-11-05 15:00:00,9.555,0.4
2025-11-05 16:00:00,7.786,0.4
2025-11-05 17:00:00,6.7330000000000005,0.8
2025-11-05 18:00:00,6.098,0.4
2025-11-05 19:00:00,5.140000000000001,0.0
2025-11-05 20:00:00,4.390000000000001,0.0
2025-11-05 21:00:00,4.712,0.0
2025-11-05 22:00:00,4.82,0.0
2025-11-05 23:00:00,4.606,0.0
2025-11-06 00:00:00,4.39,0.2
2025-11-06 01:00:00,4.2829999999999995,0.0
2025-11-06 02:00:00,4.39,0.0
2025-11-06 03:00:00,4.391,0.0
2025-11-06 04:00:00,4.497999999999999,0.0
2025-11-06 05:00:00,4.2829999999999995,0.0
2025-11-06 06:00:00,4.497999999999999,0.0
2025-11-06 07:00:00,6.415,0.0
2025-11-06 08:00:00,12.010000000000002,0.0
2025-11-06 09:00:00,20.014,0.0
2025-11-06 10:00:00,19.928,0.0
2025-11-06 11:00:00,24.103,0.0
2025-11-06 12:00:00,26.146,0.0
2025-11-06 13:00:00,27.5,0.0
2025-11-06 14:00:00,25.353,0.0
2025-11-06 15:00:00,21.882,0.0
2025-11-06 16:00:00,17.64,0.0
2025-11-06 17:00:00,9.969000000000001,0.0
2025-11-06 18:00:00,7.995,0.0
2025-11-06 19:00:00,6.628,0.0
2025-11-06 20:00:00,5.567,0.0
2025-11-06 21:00:00,3.528,0.0
2025-11-06 22:00:00,3.096,0.0
2025-11-06 23:00:00,3.2030000000000003,0.0
2025-11-07 00:00:00,2.005,0.0
2025-11-07 01:00:00,1.896,0.0
2025-11-07 02:00:00,3.8520000000000003,0.0
2025-11-07 03:00:00,2.435,0.0
2025-11-07 04:00:00,1.677,0.0
2025-11-07 05:00:00,5.032,0.0
2025-11-07 06:00:00,3.629,0.0
2025-11-07 07:00:00,2.967,0.0
2025-11-07 08:00:00,21.227,0.0
2025-11-07 09:00:00,34.283,0.0
2025-11-07 10:00:00,34.474000000000004,0.0
2025-11-07 11:00:00,29.986,0.0
2025-11-07 12:00:00,20.402,0.0
2025-11-07 13:00:00,18.942999999999998,0.0
2025-11-07 14:00:00,20.586,0.0
2025-11-07 15:00:00,19.618000000000002,0.0
2025-11-07 16:00:00,17.459,0.0
2025-11-07 17:00:00,16.064,0.0
2025-11-07 18:00:00,9.753,0.0
2025-11-07 19:00:00,6.204000000000001,0.0
2025-11-07 20:00:00,4.605,0.0
2025-11-07 21:00:00,2.442,0.0
2025-11-07 22:00:00,1.346,0.0
2025-11-07 23:00:00,0.019000000000000003,0.0
2025-11-08 00:00:00,-0.20299999999999999,0.0
2025-11-08 01:00:00,1.014,0.0
2025-11-08 02:00:00,0.13,0.0
2025-11-08 03:00:00,-1.211,0.0
2025-11-08 04:00:00,-1.211,0.0
2025-11-08 05:00:00,-1.211,0.0
2025-11-08 06:00:00,-0.538,0.0
2025-11-08 07:00:00,7.408,0.0
2025-11-08 08:00:00,20.025,0.0
2025-11-08 09:00:00,23.444,0.0
2025-11-08 10:00:00,26.535,0.0
2025-11-08 11:00:00,29.124000000000002,2.2
2025-11-08 12:00:00,13.65,0.2
2025-11-08 13:00:00,21.293,0.0
2025-11-08 14:00:00,16.762999999999998,0.0
2025-11-08 15:00:00,19.436,0.0
2025-11-08 16:00:00,15.059000000000001,0.0
2025-11-08 17:00:00,10.896,0.0
2025-11-08 18:00:00,7.5760000000000005,0.0
2025-11-08 19:00:00,5.779,1.0
2025-11-08 20:00:00,5.140000000000001,0.2
2025-11-08 21:00:00,5.885,0.0
2025-11-08 22:00:00,6.098,0.0
2025-11-08 23:00:00,7.26,0.0
2025-11-09 00:00:00,8.1,0.0
2025-11-09 01:00:00,6.098,0.0
2025-11-09 02:00:00,4.2829999999999995,0.0
2025-11-09 03:00:00,4.2829999999999995,0.4
2025-11-09 04:00:00,3.96,1.4000000000000001
2025-11-09 05:00:00,3.96,1.8
2025-11-09 06:00:00,3.3120000000000003,1.6
2025-11-09 07:00:00,3.7439999999999998,2.2
2025-11-09 08:00:00,4.068,4.0
2025-11-09 09:00:00,4.173,0.6000000000000001
2025-11-09 10:00:00,7.257,0.0
2025-11-09 11:00:00,8.202,0.0
2025-11-09 12:00:00,19.123,0.0
2025-11-09 13:00:00,27.978,0.0
2025-11-09 14:00:00,30.849999999999998,0.0
2025-11-09 15:00:00,22.564,0.0
2025-11-09 16:00:00,16.957,0.0
2025-11-09 17:00:00,8.932,2.0
2025-11-09 18:00:00,7.154999999999999,3.4000000000000004
2025-11-09 19:00:00,4.927,1.6
2025-11-09 20:00:00,5.354,0.8
2025-11-09 21:00:00,5.354,2.4000000000000004
2025-11-09 22:00:00,4.605,2.6
2025-11-09 23:00:00,3.419,3.4000000000000004
2025-11-10 00:00:00,4.497999999999999,3.0
2025-11-10 01:00:00,4.2829999999999995,1.8
2025-11-10 02:00:00,4.713,0.6000000000000001
2025-11-10 03:00:00,4.605,0.6000000000000001
2025-11-10 04:00:00,4.712,2.4000000000000004
2025-11-10 05:00:00,3.96,0.6000000000000001
2025-11-10 06:00:00,3.96,0.4
2025-11-10 07:00:00,4.713,0.4
2025-11-10 08:00:00,5.885,1.8
2025-11-10 09:00:00,7.68,1.2000000000000002
2025-11-10 10:00:00,9.350000000000001,1.4000000000000001
2025-11-10 11:00:00,10.692,1.8
2025-11-10 12:00:00,13.753,1.2000000000000002
2025-11-10 13:00:00,15.654,1.4000000000000001
2025-11-10 14:00:00,13.549,0.8
2025-11-10 15:00:00,12.23,0.2
2025-11-10 16:00:00,12.332,0.0
2025-11-10 17:00:00,11.916,0.0
2025-11-10 18:00:00,7.574,0.0
2025-11-10 19:00:00,6.204,1.2000000000000002
2025-11-10 20:00:00,5.886,0.8
2025-11-10 21:00:00,5.46,0.4
2025-11-10 22:00:00,5.567,0.4
2025-11-10 23:00:00,5.46,0.0
2025-11-11 00:00:00,5.141,0.0
2025-11-11 01:00:00,5.248,0.0
2025-11-11 02:00:00,4.927,0.0
2025-11-11 03:00:00,4.497999999999999,0.0
2025-11-11 04:00:00,3.96,0.0
2025-11-11 05:00:00,3.2030000000000003,0.0
2025-11-11 06:00:00,4.494,0.0
2025-11-11 07:00:00,7.774000000000001,0.0
2025-11-11 08:00:00,17.751,0.2
2025-11-11 09:00:00,20.125,0.0
2025-11-11 10:00:00,21.79,0.0
2025-11-11 11:00:00,25.669,0.0
2025-11-11 12:00:00,21.006999999999998,0.0
2025-11-11 13:00:00,20.491999999999997,0.0
2025-11-11 14:00:00,18.844,0.0
2025-11-11 15:00:00,17.653,0.0
2025-11-11 16:00:00,14.155000000000001,0.0
2025-11-11 17:00:00,12.532,0.0
2025-11-11 18:00:00,8.308,0.0
2025-11-11 19:00:00,5.773,0.0
2025-11-11 20:00:00,3.7439999999999998,0.0
2025-11-11 21:00:00,1.5670000000000002,0.0
2025-11-11 22:00:00,0.353,0.0
2025-11-11 23:00:00,1.5670000000000002,0.0
2025-11-12 00:00:00,2.872,0.0
2025-11-12 01:00:00,5.031000000000001,0.0
2025-11-12 02:00:00,5.992,0.0
2025-11-12 03:00:00,5.034000000000001,0.0
2025-11-12 04:00:00,5.141,0.0
2025-11-12 05:00:00,3.636,0.0
2025-11-12 06:00:00,5.671,0.0
2025-11-12 07:00:00,8.308,0.0
2025-11-12 08:00:00,15.832,0.0
2025-11-12 09:00:00,24.892,0.0
2025-11-12 10:00:00,20.015,0.0
2025-11-12 11:00:00,22.57,0.0
2025-11-12 12:00:00,17.459,0.0
2025-11-12 13:00:00,13.044,0.0
2025-11-12 14:00:00,17.055,0.0
2025-11-12 15:00:00,19.72,0.0
2025-11-12 16:00:00,13.043,0.0
2025-11-12 17:00:00,9.762,0.0
2025-11-12 18:00:00,6.731999999999999,0.0
2025-11-12 19:00:00,4.712,0.0
2025-11-12 20:00:00,3.31,0.0
2025-11-12 21:00:00,1.347,0.0
2025-11-12 22:00:00,0.464,0.0
2025-11-12 23:00:00,0.24200000000000002,0.0
2025-11-13 00:00:00,2.333,0.0
2025-11-13 01:00:00,3.851,0.0
2025-11-13 02:00:00,4.174,0.0
2025-11-13 03:00:00,0.46099999999999997,0.0
2025-11-13 04:00:00,-0.539,0.0
2025-11-13 05:00:00,0.796,0.0
2025-11-13 06:00:00,1.127,0.0
2025-11-13 07:00:00,6.465,0.0
2025-11-13 08:00:00,17.251,0.0
2025-11-13 09:00:00,15.551,0.0
2025-11-13 10:00:00,13.044,1.0
2025-11-13 11:00:00,15.841999999999999,0.2
2025-11-13 12:00:00,21.398,0.0
2025-11-13 13:00:00,19.141,0.0
2025-11-13 14:00:00,19.041,0.0
2025-11-13 15:00:00,19.634,0.0
2025-11-13 16:00:00,14.149999999999999,0.0
2025-11-13 17:00:00,12.832,0.0
2025-11-13 18:00:00,9.349,0.0
2025-11-13 19:00:00,6.3100000000000005,0.0
2025-11-13 20:00:00,5.779,0.0
2025-11-13 21:00:00,5.78,0.0
2025-11-13 22:00:00,5.674,0.0
2025-11-13 23:00:00,5.886,0.0
2025-11-14 00:00:00,5.140000000000001,0.2
2025-11-14 01:00:00,4.605,1.6
2025-11-14 02:00:00,3.96,0.8
2025-11-14 03:00:00,4.068,0.4
2025-11-14 04:00:00,4.068,1.2000000000000002
2025-11-14 05:00:00,3.2039999999999997,1.8
2025-11-14 06:00:00,1.456,0.2
2025-11-14 07:00:00,0.686,1.2000000000000002
2025-11-14 08:00:00,3.633,6.2
2025-11-14 09:00:00,8.399,1.6
2025-11-14 10:00:00,15.363,0.0
2025-11-14 11:00:00,15.934000000000001,0.0
2025-11-14 12:00:00,24.411,0.0
2025-11-14 13:00:00,26.433,0.0
2025-11-14 14:00:00,26.249000000000002,0.0
2025-11-14 15:00:00,26.152,0.0
2025-11-14 16:00:00,18.433,0.0
2025-11-14 17:00:00,13.752,0.0
2025-11-14 18:00:00,9.658999999999999,0.0
2025-11-14 19:00:00,5.353,0.0
2025-11-14 20:00:00,4.813,0.0
2025-11-14 21:00:00,5.672,0.0
2025-11-14 22:00:00,6.098,1.6
2025-11-14 23:00:00,3.311,1.8
2025-11-15 00:00:00,2.878,0.0
2025-11-15 01:00:00,1.346,0.2
2025-11-15 02:00:00,0.7949999999999999,0.0
2025-11-15 03:00:00,-0.319,0.0
2025-11-15 04:00:00,-1.099,0.0
2025-11-15 05:00:00,-0.204,0.0
2025-11-15 06:00:00,0.24200000000000002,0.0
2025-11-15 07:00:00,2.873,0.0
2025-11-15 08:00:00,3.744,1.0
2025-11-15 09:00:00,6.202,0.4
2025-11-15 10:00:00,11.104,0.4
2025-11-15 11:00:00,15.764,0.0
2025-11-15 12:00:00,14.437,1.2000000000000002
2025-11-15 13:00:00,12.128,1.0
2025-11-15 14:00:00,9.868,0.6000000000000001
2025-11-15 15:00:00,9.246,0.2
2025-11-15 16:00:00,9.141,2.2
2025-11-15 17:00:00,7.05,0.0
2025-11-15 18:00:00,6.945,0.0
2025-11-15 19:00:00,6.098,0.0
2025-11-15 20:00:00,5.567,0.0
2025-11-15 21:00:00,5.46,0.2
2025-11-15 22:00:00,5.034,0.0
2025-11-15 23:00:00,5.141,0.0
2025-11-16 00:00:00,4.82,0.6000000000000001
2025-11-16 01:00:00,4.82,0.6000000000000001
2025-11-16 02:00:00,4.497999999999999,0.8
2025-11-16 03:00:00,3.312,0.0
2025-11-16 04:00:00,3.528,0.6000000000000001
2025-11-16 05:00:00,2.769,0.0
2025-11-16 06:00:00,3.3120000000000003,0.0
2025-11-16 07:00:00,5.672,0.2
2025-11-16 08:00:00,7.786,0.0
2025-11-16 09:00:00,7.785,0.6000000000000001
2025-11-16 10:00:00,7.89,2.4000000000000004
2025-11-16 11:00:00,9.761,1.6
2025-11-16 12:00:00,11.821000000000002,2.0
2025-11-16 13:00:00,10.591000000000001,2.2
2025-11-16 14:00:00,10.271,3.0
2025-11-16 15:00:00,7.68,2.0
2025-11-16 16:00:00,9.142,0.4
2025-11-16 17:00:00,9.753,0.4
2025-11-16 18:00:00,5.673,2.0
2025-11-16 19:00:00,2.438,0.4
2025-11-16 20:00:00,1.237,0.6000000000000001
2025-11-16 21:00:00,2.878,0.4
2025-11-16 22:00:00,3.0949999999999998,0.2
2025-11-16 23:00:00,2.987,0.0
2025-11-17 00:00:00,2.333,0.0
2025-11-17 01:00:00,0.019000000000000017,0.0
2025-11-17 02:00:00,-1.8880000000000001,0.0
2025-11-17 03:00:00,-2.115,0.0
2025-11-17 04:00:00,-2.0010000000000003,0.0
2025-11-17 05:00:00,-2.115,0.0
2025-11-17 06:00:00,-2.911,0.0
2025-11-17 07:00:00,0.11599999999999988,0.0
2025-11-17 08:00:00,5.991,0.0
2025-11-17 09:00:00,7.676,0.0
2025-11-17 10:00:00,12.535,0.0
2025-11-17 11:00:00,16.663,0.0
2025-11-17 12:00:00,15.564,0.0
2025-11-17 13:00:00,17.358,0.0
2025-11-17 14:00:00,15.263,0.0
2025-11-17 15:00:00,17.55,0.0
2025-11-17 16:00:00,9.55,0.2
2025-11-17 17:00:00,7.154999999999999,0.0
2025-11-17 18:00:00,3.958,0.0
2025-11-17 19:00:00,1.895,0.0
2025-11-17 20:00:00,0.686,0.0
2025-11-17 21:00:00,1.125,0.0
2025-11-17 22:00:00,2.113,0.6000000000000001
2025-11-17 23:00:00,3.096,0.2
2025-11-18 00:00:00,2.987,0.0
2025-11-18 01:00:00,3.3120000000000003,0.2
2025-11-18 02:00:00,3.528,0.0
2025-11-18 03:00:00,3.96,0.0
2025-11-18 04:00:00,4.068,0.6000000000000001
2025-11-18 05:00:00,3.528,0.2
2025-11-18 06:00:00,3.096,0.0
2025-11-18 07:00:00,4.282,0.4
2025-11-18 08:00:00,5.034000000000001,1.4000000000000001
2025-11-18 09:00:00,7.439,0.2
2025-11-18 10:00:00,15.66,0.4
2025-11-18 11:00:00,11.411999999999999,0.2
2025-11-18 12:00:00,15.559,0.4
2025-11-18 13:00:00,11.309,0.8
2025-11-18 14:00:00,11.614,0.0
2025-11-18 15:00:00,13.241,0.0
2025-11-18 16:00:00,13.954,0.0
2025-11-18 17:00:00,11.920000000000002,0.0
2025-11-18 18:00:00,8.621,0.0
2025-11-18 19:00:00,6.945,0.0
2025-11-18 20:00:00,5.779,0.0
2025-11-18 21:00:00,7.362,0.0
2025-11-18 22:00:00,7.05,0.0
2025-11-18 23:00:00,5.884,0.0
2025-11-19 00:00:00,3.31,0.0
2025-11-19 01:00:00,3.528,0.0
2025-11-19 02:00:00,4.068,0.0
2025-11-19 03:00:00,3.0940000000000003,0.0
2025-11-19 04:00:00,0.68,0.0
2025-11-19 05:00:00,-0.20900000000000002,0.0
2025-11-19 06:00:00,-0.427,0.0
2025-11-19 07:00:00,2.293,0.0
2025-11-19 08:00:00,23.705,0.0
2025-11-19 09:00:00,31.52,0.0
2025-11-19 10:00:00,28.456,0.0
2025-11-19 11:00:00,22.067999999999998,0.0
2025-11-19 12:00:00,17.444000000000003,0.0
2025-11-19 13:00:00,18.921,0.0
2025-11-19 14:00:00,18.253,0.0
2025-11-19 15:00:00,15.434,0.0
2025-11-19 16:00:00,8.725999999999999,0.0
2025-11-19 17:00:00,7.994,0.0
2025-11-19 18:00:00,4.712,0.0
2025-11-19 19:00:00,3.7439999999999998,0.0
2025-11-19 20:00:00,5.0329999999999995,0.0
2025-11-19 21:00:00,4.713,0.0
2025-11-19 22:00:00,4.390000000000001,0.0
2025-11-19 23:00:00,3.8520000000000003,0.0
2025-11-20 00:00:00,3.3120000000000003,0.0
2025-11-20 01:00:00,3.636,0.0
2025-11-20 02:00:00,3.8520000000000003,0.0
2025-11-20 03:00:00,3.3120000000000003,0.0
2025-11-20 04:00:00,2.878,0.0
2025-11-20 05:00:00,2.66,0.0
2025-11-20 06:00:00,1.127,0.0
2025-11-20 07:00:00,2.8689999999999998,0.0
2025-11-20 08:00:00,18.648,0.0
2025-11-20 09:00:00,23.829,0.0
2025-11-20 10:00:00,29.987,0.0
2025-11-20 11:00:00,25.159,0.0
2025-11-20 12:00:00,23.049,0.0
2025-11-20 13:00:00,27.110999999999997,0.0
2025-11-20 14:00:00,19.860999999999997,0.6000000000000001
2025-11-20 15:00:00,8.619,1.8
2025-11-20 16:00:00,3.0949999999999998,1.4000000000000001
2025-11-20 17:00:00,4.068,0.2
2025-11-20 18:00:00,3.744,0.2
2025-11-20 19:00:00,5.032,0.0
2025-11-20 20:00:00,4.927,0.0
2025-11-20 21:00:00,3.2039999999999997,0.0
2025-11-20 22:00:00,1.564,0.0
2025-11-20 23:00:00,0.019000000000000017,0.0
2025-11-21 00:00:00,-0.8740000000000001,0.0
2025-11-21 01:00:00,-0.538,0.0
2025-11-21 02:00:00,-0.43000000000000005,0.0
2025-11-21 03:00:00,1.347,0.0
2025-11-21 04:00:00,1.677,0.0
2025-11-21 05:00:00,0.24100000000000005,0.0
2025-11-21 06:00:00,-0.65,0.0
2025-11-21 07:00:00,2.5220000000000002,0.0
2025-11-21 08:00:00,19.04,0.0
2025-11-21 09:00:00,30.848,0.0
2025-11-21 10:00:00,33.617000000000004,0.0
2025-11-21 11:00:00,27.494,0.0
2025-11-21 12:00:00,27.307000000000002,0.0
2025-11-21 13:00:00,28.069000000000003,0.0
2025-11-21 14:00:00,28.345,0.0
2025-11-21 15:00:00,16.253,1.2000000000000002
2025-11-21 16:00:00,8.517,0.0
2025-11-21 17:00:00,7.363,0.0
2025-11-21 18:00:00,6.204000000000001,0.0
2025-11-21 19:00:00,6.31,0.0
2025-11-21 20:00:00,5.46,0.0
2025-11-21 21:00:00,4.927,0.4
2025-11-21 22:00:00,5.034000000000001,3.2
2025-11-21 23:00:00,3.527,2.4000000000000004
2025-11-22 00:00:00,1.893,1.0
2025-11-22 01:00:00,2.332,1.2000000000000002
2025-11-22 02:00:00,3.312,0.0
2025-11-22 03:00:00,3.0949999999999998,0.0
2025-11-22 04:00:00,3.528,0.0
2025-11-22 05:00:00,4.068,0.0
2025-11-22 06:00:00,4.391,0.0
2025-11-22 07:00:00,7.041,0.0
2025-11-22 08:00:00,7.576,0.0
2025-11-22 09:00:00,13.551,0.0
2025-11-22 10:00:00,19.953,0.0
2025-11-22 11:00:00,27.881999999999998,0.0
2025-11-22 12:00:00,31.327999999999996,0.0
2025-11-22 13:00:00,30.947000000000003,0.0
2025-11-22 14:00:00,31.329,0.0
2025-11-22 15:00:00,21.584,0.0
2025-11-22 16:00:00,24.503999999999998,0.0
2025-11-22 17:00:00,14.341000000000001,0.0
2025-11-22 18:00:00,8.724,0.0
2025-11-22 19:00:00,7.366,0.0
2025-11-22 20:00:00,6.204,0.0
2025-11-22 21:00:00,5.992,0.0
2025-11-22 22:00:00,5.779,0.0
2025-11-22 23:00:00,5.992,0.0
2025-11-23 00:00:00,6.522,0.0
2025-11-23 01:00:00,6.628,0.0
2025-11-23 02:00:00,5.567,0.0
2025-11-23 03:00:00,5.779,0.0
2025-11-23 04:00:00,6.416,0.0
2025-11-23 05:00:00,6.098,0.0
2025-11-23 06:00:00,5.354,0.0
2025-11-23 07:00:00,4.927,1.0
2025-11-23 08:00:00,5.673,0.6000000000000001
2025-11-23 09:00:00,9.242,0.2
2025-11-23 10:00:00,13.652000000000001,0.2
2025-11-23 11:00:00,12.434000000000001,0.4
2025-11-23 12:00:00,16.458,0.0
2025-11-23 13:00:00,22.076999999999998,0.0
2025-11-23 14:00:00,23.337,0.0
2025-11-23 15:00:00,25.188,0.0
2025-11-23 16:00:00,18.445999999999998,0.0
2025-11-23 17:00:00,15.261,0.0
2025-11-23 18:00:00,7.877000000000001,0.0
2025-11-23 19:00:00,4.2829999999999995,0.0
2025-11-23 20:00:00,3.96,0.0
2025-11-23 21:00:00,5.034000000000001,1.0
2025-11-23 22:00:00,5.78,0.6000000000000001
2025-11-23 23:00:00,5.354,0.0
2025-11-24 00:00:00,5.034000000000001,0.0
2025-11-24 01:00:00,4.39,0.0
2025-11-24 02:00:00,4.497999999999999,0.0
2025-11-24 03:00:00,4.605,0.0
2025-11-24 04:00:00,4.39,0.0
2025-11-24 05:00:00,5.46,0.0
2025-11-24 06:00:00,4.7090000000000005,0.0
2025-11-24 07:00:00,5.7780000000000005,0.4
2025-11-24 08:00:00,5.673,2.6
2025-11-24 09:00:00,9.243,1.8
2025-11-24 10:00:00,12.128,1.0
2025-11-24 11:00:00,13.549,1.0
2025-11-24 12:00:00,12.940999999999999,2.0
2025-11-24 13:00:00,13.652000000000001,0.2
2025-11-24 14:00:00,15.263,0.0
2025-11-24 15:00:00,17.041,0.0
2025-11-24 16:00:00,10.175,0.2
2025-11-24 17:00:00,7.994999999999999,0.0
2025-11-24 18:00:00,7.365,0.0
2025-11-24 19:00:00,5.674,0.0
2025-11-24 20:00:00,3.42,0.0
2025-11-24 21:00:00,5.779,0.0
2025-11-24 22:00:00,6.098000000000001,0.0
2025-11-24 23:00:00,5.354,0.0
2025-11-25 00:00:00,5.354,0.0
2025-11-25 01:00:00,5.352,0.0
2025-11-25 02:00:00,5.779,0.0
2025-11-25 03:00:00,5.034000000000001,0.0
2025-11-25 04:00:00,5.673,0.0
2025-11-25 05:00:00,5.671,0.0
2025-11-25 06:00:00,7.469,0.0
2025-11-25 07:00:00,9.137,0.0
2025-11-25 08:00:00,14.543,0.0
2025-11-25 09:00:00,17.751,0.0
2025-11-25 10:00:00,21.293,0.0
2025-11-25 11:00:00,22.18,0.0
2025-11-25 12:00:00,21.496,0.0
2025-11-25 13:00:00,19.338,0.0
2025-11-25 14:00:00,18.351,0.0
2025-11-25 15:00:00,22.174,0.0
2025-11-25 16:00:00,16.66,0.0
2025-11-25 17:00:00,11.408999999999999,0.0
2025-11-25 18:00:00,7.994999999999999,0.0
2025-11-25 19:00:00,7.890000000000001,0.0
2025-11-25 20:00:00,8.100000000000001,0.0
2025-11-25 21:00:00,8.413,0.0
2025-11-25 22:00:00,8.621,0.0
2025-11-25 23:00:00,7.891,0.0
2025-11-26 00:00:00,7.05,0.0
2025-11-26 01:00:00,5.140000000000001,0.8
2025-11-26 02:00:00,5.141,0.8
2025-11-26 03:00:00,5.141,0.6000000000000001
2025-11-26 04:00:00,5.034000000000001,0.4
2025-11-26 05:00:00,4.927,1.0
2025-11-26 06:00:00,4.713,0.4
2025-11-26 07:00:00,5.0329999999999995,0.0
2025-11-26 08:00:00,6.098,0.6000000000000001
2025-11-26 09:00:00,6.944,0.8
2025-11-26 10:00:00,9.246,0.6000000000000001
2025-11-26 11:00:00,10.893,0.6000000000000001
2025-11-26 12:00:00,14.056000000000001,1.6
2025-11-26 13:00:00,13.652000000000001,0.2
2025-11-26 14:00:00,14.559999999999999,0.0
2025-11-26 15:00:00,17.658,0.0
2025-11-26 16:00:00,12.839,0.0
2025-11-26 17:00:00,11.711,0.0
2025-11-26 18:00:00,8.725000000000001,0.0
2025-11-26 19:00:00,7.891,0.0
2025-11-26 20:00:00,7.154999999999999,0.0
2025-11-26 21:00:00,8.413,0.0
2025-11-26 22:00:00,8.725999999999999,0.0
2025-11-26 23:00:00,7.365,0.0
2025-11-27 00:00:00,6.204,0.0
2025-11-27 01:00:00,7.260999999999999,0.0
2025-11-27 02:00:00,7.260999999999999,0.0
2025-11-27 03:00:00,7.785,0.0
2025-11-27 04:00:00,7.680999999999999,0.0
2025-11-27 05:00:00,7.156,0.0
2025-11-27 06:00:00,6.839,0.0
2025-11-27 07:00:00,6.522,0.0
2025-11-27 08:00:00,9.454,0.0
2025-11-27 09:00:00,15.256,0.0
2025-11-27 10:00:00,13.952,0.0
2025-11-27 11:00:00,21.765,0.0
2025-11-27 12:00:00,26.72,0.0
2025-11-27 13:00:00,27.689999999999998,0.0
2025-11-27 14:00:00,17.555,0.0
2025-11-27 15:00:00,16.16,0.0
2025-11-27 16:00:00,17.054,0.0
2025-11-27 17:00:00,13.247,0.0
2025-11-27 18:00:00,10.486,0.0
2025-11-27 19:00:00,7.786,0.0
2025-11-27 20:00:00,5.353,0.0
2025-11-27 21:00:00,4.82,0.0
2025-11-27 22:00:00,6.3100000000000005,0.6000000000000001
2025-11-27 23:00:00,5.992,0.4
2025-11-28 00:00:00,6.098,0.0
2025-11-28 01:00:00,6.522,0.0
2025-11-28 02:00:00,5.991,0.2
2025-11-28 03:00:00,4.498,0.0
2025-11-28 04:00:00,1.342,0.0
2025-11-28 05:00:00,0.795,0.0
2025-11-28 06:00:00,3.0940000000000003,0.0
2025-11-28 07:00:00,3.7270000000000003,0.0
2025-11-28 08:00:00,8.205,0.0
2025-11-28 09:00:00,15.462,0.0
2025-11-28 10:00:00,15.663,0.0
2025-11-28 11:00:00,18.448,0.0
2025-11-28 12:00:00,24.992,0.0
2025-11-28 13:00:00,23.152,0.0
2025-11-28 14:00:00,21.978,0.0
2025-11-28 15:00:00,18.648,0.0
2025-11-28 16:00:00,12.737,0.0
2025-11-28 17:00:00,11.514,0.0
2025-11-28 18:00:00,8.621,0.6000000000000001
2025-11-28 19:00:00,5.461,0.2
2025-11-28 20:00:00,4.713,0.0
2025-11-28 21:00:00,3.8520000000000003,0.0
2025-11-28 22:00:00,2.659,0.0
2025-11-28 23:00:00,2.441,0.0
2025-11-29 00:00:00,6.204000000000001,0.0
2025-11-29 01:00:00,4.71,0.0
2025-11-29 02:00:00,2.769,0.0
2025-11-29 03:00:00,0.906,0.0
2025-11-29 04:00:00,0.24000000000000002,0.0
2025-11-29 05:00:00,2.875,0.0
2025-11-29 06:00:00,4.497999999999999,0.0
2025-11-29 07:00:00,5.5649999999999995,0.0
2025-11-29 08:00:00,15.548,0.0
2025-11-29 09:00:00,18.845,0.0
2025-11-29 10:00:00,20.219,0.0
2025-11-29 11:00:00,23.347,0.0
2025-11-29 12:00:00,28.555,0.0
2025-11-29 13:00:00,26.439999999999998,0.0
2025-11-29 14:00:00,23.247,0.0
2025-11-29 15:00:00,22.247,0.0
2025-11-29 16:00:00,13.042,0.2
2025-11-29 17:00:00,16.156,0.0
2025-11-29 18:00:00,9.658000000000001,0.0
2025-11-29 19:00:00,6.305,0.0
2025-11-29 20:00:00,4.176,0.0
2025-11-29 21:00:00,2.66,0.0
2025-11-29 22:00:00,1.236,0.0
2025-11-29 23:00:00,2.114,0.0
2025-11-30 00:00:00,1.6740000000000002,0.0
2025-11-30 01:00:00,0.13,0.0
2025-11-30 02:00:00,-0.09600000000000003,0.0
2025-11-30 03:00:00,-1.775,0.0
2025-11-30 04:00:00,-1.553,0.0
2025-11-30 05:00:00,0.796,0.0
2025-11-30 06:00:00,-1.211,0.0
2025-11-30 07:00:00,-1.103,0.0
2025-11-30 08:00:00,19.61,0.0
2025-11-30 09:00:00,32.659,0.0
2025-11-30 10:00:00,25.476,0.0
2025-11-30 11:00:00,14.434000000000001,0.0
2025-11-30 12:00:00,16.723,0.0
2025-11-30 13:00:00,13.846,3.0
2025-11-30 14:00:00,3.6310000000000002,2.2
2025-11-30 15:00:00,2.9859999999999998,2.8000000000000003
2025-11-30 16:00:00,2.113,3.0
2025-11-30 17:00:00,3.2030000000000003,2.2
2025-11-30 18:00:00,3.8520000000000003,2.0
2025-11-30 19:00:00,4.2829999999999995,0.8
2025-11-30 20:00:00,3.528,0.8
2025-11-30 21:00:00,3.202,0.2
2025-11-30 22:00:00,1.456,0.0
2025-11-30 23:00:00,-1.211,0.0
2025-12-01 00:00:00,-2.0010000000000003,0.0
2025-12-01 01:00:00,-1.888,0.0
2025-12-01 02:00:00,-1.323,0.0
2025-12-01 03:00:00,-2.0010000000000003,0.0
2025-12-01 04:00:00,-3.3709999999999996,0.0
2025-12-01 05:00:00,-4.988,0.0
2025-12-01 06:00:00,-5.923,0.0
2025-12-01 07:00:00,-4.871,0.4
2025-12-01 08:00:00,19.092,0.4
2025-12-01 09:00:00,33.519999999999996,0.0
2025-12-01 10:00:00,35.614999999999995,0.0
2025-12-01 11:00:00,35.425,0.0
2025-12-01 12:00:00,26.535,0.0
2025-12-01 13:00:00,30.469,0.0
2025-12-01 14:00:00,22.666,0.0
2025-12-01 15:00:00,15.556999999999999,0.0
2025-12-01 16:00:00,12.426,0.0
2025-12-01 17:00:00,13.746,0.0
2025-12-01 18:00:00,8.094000000000001,0.0
2025-12-01 19:00:00,5.673,0.0
2025-12-01 20:00:00,4.817,0.0
2025-12-01 21:00:00,5.779,0.0
2025-12-01 22:00:00,6.098,0.0
2025-12-01 23:00:00,5.034,0.0
2025-12-02 00:00:00,5.034000000000001,0.0
2025-12-02 01:00:00,2.441,0.0
2025-12-02 02:00:00,0.464,0.0
2025-12-02 03:00:00,-0.315,0.0
2025-12-02 04:00:00,0.24100000000000005,0.0
2025-12-02 05:00:00,-0.316,0.0
2025-12-02 06:00:00,-0.315,0.0
2025-12-02 07:00:00,0.68,0.0
2025-12-02 08:00:00,17.453,0.0
2025-12-02 09:00:00,23.345,0.0
2025-12-02 10:00:00,29.893,0.0
2025-12-02 11:00:00,33.617,0.0
2025-12-02 12:00:00,32.377,0.0
2025-12-02 13:00:00,29.798000000000002,0.0
2025-12-02 14:00:00,28.363,0.0
2025-12-02 15:00:00,23.25,0.0
2025-12-02 16:00:00,14.238,0.0
2025-12-02 17:00:00,8.517,0.0
2025-12-02 18:00:00,6.7330000000000005,0.0
2025-12-02 19:00:00,5.46,0.0
2025-12-02 20:00:00,3.96,0.0
2025-12-02 21:00:00,3.42,0.0
2025-12-02 22:00:00,3.312,0.0
2025-12-02 23:00:00,3.42,0.0
2025-12-03 00:00:00,2.987,0.0
2025-12-03 01:00:00,2.878,0.0
2025-12-03 02:00:00,2.224,0.0
2025-12-03 03:00:00,0.906,0.0
2025-12-03 04:00:00,0.464,0.0
2025-12-03 05:00:00,0.685,0.0
2025-12-03 06:00:00,0.35300000000000004,0.0
2025-12-03 07:00:00,3.4130000000000003,0.0
2025-12-03 08:00:00,12.832,0.0
2025-12-03 09:00:00,22.567,0.0
2025-12-03 10:00:00,28.458,0.0
2025-12-03 11:00:00,32.282,0.0
2025-12-03 12:00:00,31.329,0.0
2025-12-03 13:00:00,32.186,0.0
2025-12-03 14:00:00,34.949,0.0
2025-12-03 15:00:00,34.569,0.0
2025-12-03 16:00:00,27.978,0.0
2025-12-03 17:00:00,16.681,0.0
2025-12-03 18:00:00,5.566,0.0
2025-12-03 19:00:00,3.636,0.0
2025-12-03 20:00:00,2.333,0.0
2025-12-03 21:00:00,2.332,0.0
2025-12-03 22:00:00,1.896,0.0
2025-12-03 23:00:00,2.115,0.0
2025-12-04 00:00:00,2.551,0.0
2025-12-04 01:00:00,2.442,0.0
2025-12-04 02:00:00,1.787,0.0
2025-12-04 03:00:00,1.4580000000000002,0.0
2025-12-04 04:00:00,0.7949999999999999,0.0
2025-12-04 05:00:00,-0.427,0.0
2025-12-04 06:00:00,-0.539,0.0
2025-12-04 07:00:00,3.091,0.0
2025-12-04 08:00:00,6.202,0.0
2025-12-04 09:00:00,9.962,0.0
2025-12-04 10:00:00,13.551,0.0
2025-12-04 11:00:00,18.740000000000002,0.0
2025-12-04 12:00:00,20.909,0.0
2025-12-04 13:00:00,22.083,0.0
2025-12-04 14:00:00,25.186,0.0
2025-12-04 15:00:00,27.205,0.0
2025-12-04 16:00:00,27.115000000000002,0.0
2025-12-04 17:00:00,14.374,0.0
2025-12-04 18:00:00,3.958,0.0
2025-12-04 19:00:00,1.4580000000000002,0.0
2025-12-04 20:00:00,1.127,0.0
2025-12-04 21:00:00,0.13,0.0
2025-12-04 22:00:00,1.127,0.0
2025-12-04 23:00:00,1.5659999999999998,0.0
2025-12-05 00:00:00,2.333,0.0
2025-12-05 01:00:00,0.573,0.0
2025-12-05 02:00:00,-0.426,0.0
2025-12-05 03:00:00,-1.211,0.0
2025-12-05 04:00:00,-1.548,0.0
2025-12-05 05:00:00,-2.229,0.0
2025-12-05 06:00:00,-3.254,0.0
2025-12-05 07:00:00,0.23700000000000004,0.0
2025-12-05 08:00:00,11.511,0.0
2025-12-05 09:00:00,21.464,0.0
2025-12-05 10:00:00,30.564999999999998,0.0
2025-12-05 11:00:00,29.895,0.0
2025-12-05 12:00:00,32.853,0.0
2025-12-05 13:00:00,32.473,0.0
2025-12-05 14:00:00,25.956,0.0
2025-12-05 15:00:00,23.832,0.0
2025-12-05 16:00:00,17.65,0.0
2025-12-05 17:00:00,15.24,0.0
2025-12-05 18:00:00,7.782,0.0
2025-12-05 19:00:00,5.354,0.0
2025-12-05 20:00:00,5.247,0.0
2025-12-05 21:00:00,5.244,0.0
2025-12-05 22:00:00,2.114,0.0
2025-12-05 23:00:00,2.115,0.0
2025-12-06 00:00:00,1.016,0.0
2025-12-06 01:00:00,1.568,0.0
2025-12-06 02:00:00,1.677,0.0
2025-12-06 03:00:00,2.442,0.0
2025-12-06 04:00:00,1.896,0.0
2025-12-06 05:00:00,2.551,0.0
2025-12-06 06:00:00,2.551,0.0
2025-12-06 07:00:00,5.5600000000000005,0.0
2025-12-06 08:00:00,13.924,0.0
2025-12-06 09:00:00,26.983,0.0
2025-12-06 10:00:00,34.949,0.0
2025-12-06 11:00:00,36.756,0.0
2025-12-06 12:00:00,37.232,0.0
2025-12-06 13:00:00,38.754,0.0
2025-12-06 14:00:00,37.423,0.0
2025-12-06 15:00:00,36.09,0.0
2025-12-06 16:00:00,32.373999999999995,0.0
2025-12-06 17:00:00,19.842,0.0
2025-12-06 18:00:00,9.66,0.0
2025-12-06 19:00:00,7.786,0.0
2025-12-06 20:00:00,7.05,0.0
2025-12-06 21:00:00,6.522,0.0
2025-12-06 22:00:00,4.819,0.0
2025-12-06 23:00:00,5.247,0.0
2025-12-07 00:00:00,3.091,0.0
2025-12-07 01:00:00,2.758,0.0
2025-12-07 02:00:00,5.248,0.0
2025-12-07 03:00:00,4.388,0.0
2025-12-07 04:00:00,4.067,0.0
2025-12-07 05:00:00,2.659,0.0
2025-12-07 06:00:00,1.237,0.0
2025-12-07 07:00:00,2.878,0.0
2025-12-07 08:00:00,20.972,0.0
2025-12-07 09:00:00,33.519999999999996,0.0
2025-12-07 10:00:00,36.756,0.0
2025-12-07 11:00:00,38.278999999999996,0.0
2025-12-07 12:00:00,36.185,0.0
2025-12-07 13:00:00,38.563,0.0
2025-12-07 14:00:00,36.186,0.0
2025-12-07 15:00:00,36.09,0.0
2025-12-07 16:00:00,31.994,0.0
2025-12-07 17:00:00,21.836,0.0
2025-12-07 18:00:00,10.488,0.0
2025-12-07 19:00:00,8.934000000000001,0.0
2025-12-07 20:00:00,9.246,0.0
2025-12-07 21:00:00,6.52,0.0
2025-12-07 22:00:00,5.354,0.0
2025-12-07 23:00:00,5.354,0.0
2025-12-08 00:00:00,5.034,0.0
2025-12-08 01:00:00,4.391,0.0
2025-12-08 02:00:00,3.8520000000000003,0.0
2025-12-08 03:00:00,3.96,0.0
2025-12-08 04:00:00,2.659,0.0
2025-12-08 05:00:00,0.02,0.0
2025-12-08 06:00:00,0.5750000000000001,0.0
2025-12-08 07:00:00,0.7949999999999999,0.0
2025-12-08 08:00:00,16.752,0.0
2025-12-08 09:00:00,24.701999999999998,0.0
2025-12-08 10:00:00,28.171,0.0
2025-12-08 11:00:00,32.569,0.0
2025-12-08 12:00:00,32.187,0.0
2025-12-08 13:00:00,33.33,0.0
2025-12-08 14:00:00,35.234,0.0
2025-12-08 15:00:00,33.044,0.0
2025-12-08 16:00:00,29.991,0.0
2025-12-08 17:00:00,18.266,0.0
2025-12-08 18:00:00,4.385,0.0
2025-12-08 19:00:00,1.787,0.0
2025-12-08 20:00:00,2.333,0.0
2025-12-08 21:00:00,3.634,0.0
2025-12-08 22:00:00,3.093,0.0
2025-12-08 23:00:00,1.786,0.0
2025-12-09 00:00:00,0.795,0.0
2025-12-09 01:00:00,0.9059999999999999,0.0
2025-12-09 02:00:00,0.573,0.0
2025-12-09 03:00:00,-0.09399999999999997,0.0
2025-12-09 04:00:00,-1.22,0.0
2025-12-09 05:00:00,1.456,0.0
2025-12-09 06:00:00,2.114,0.0
2025-12-09 07:00:00,1.564,0.0
2025-12-09 08:00:00,24.458,0.0
2025-12-09 09:00:00,35.233999999999995,0.0
2025-12-09 10:00:00,36.472,0.0
2025-12-09 11:00:00,37.516999999999996,0.0
2025-12-09 12:00:00,38.849000000000004,0.0
2025-12-09 13:00:00,39.611000000000004,0.0
2025-12-09 14:00:00,39.896,0.0
2025-12-09 15:00:00,38.373999999999995,0.0
2025-12-09 16:00:00,34.568,0.0
2025-12-09 17:00:00,22.198999999999998,0.0
2025-12-09 18:00:00,7.457000000000001,0.0
2025-12-09 19:00:00,2.332,0.0
2025-12-09 20:00:00,0.9059999999999999,0.0
2025-12-09 21:00:00,0.903,0.0
2025-12-09 22:00:00,-0.315,0.0
2025-12-09 23:00:00,-0.762,0.0
2025-12-10 00:00:00,1.237,0.0
2025-12-10 01:00:00,2.224,0.0
2025-12-10 02:00:00,3.954,0.0
2025-12-10 03:00:00,5.141,0.0
2025-12-10 04:00:00,4.389,0.0
2025-12-10 05:00:00,4.058,0.0
2025-12-10 06:00:00,3.524,0.0
2025-12-10 07:00:00,6.415,0.0
2025-12-10 08:00:00,14.149999999999999,0.0
2025-12-10 09:00:00,8.927,0.2
2025-12-10 10:00:00,17.558,0.0
2025-12-10 11:00:00,31.987000000000002,0.0
2025-12-10 12:00:00,22.951999999999998,0.0
2025-12-10 13:00:00,19.83,0.0
2025-12-10 14:00:00,25.567,0.0
2025-12-10 15:00:00,22.166,0.0
2025-12-10 16:00:00,17.154,0.0
2025-12-10 17:00:00,12.734,0.0
2025-12-10 18:00:00,6.926,0.0
2025-12-10 19:00:00,2.005,0.0
2025-12-10 20:00:00,0.5740000000000001,0.0
2025-12-10 21:00:00,-0.8740000000000001,0.0
2025-12-10 22:00:00,-1.774,0.0
2025-12-10 23:00:00,-2.3419999999999996,0.0
2025-12-11 00:00:00,-1.8880000000000001,0.0
2025-12-11 01:00:00,-3.025,0.0
2025-12-11 02:00:00,-2.003,0.0
2025-12-11 03:00:00,-0.986,0.0
2025-12-11 04:00:00,-1.324,0.0
2025-12-11 05:00:00,-2.5700000000000003,0.0
2025-12-11 06:00:00,-0.7819999999999999,0.0
2025-12-11 07:00:00,5.672,0.0
2025-12-11 08:00:00,5.46,0.0
2025-12-11 09:00:00,9.431000000000001,0.0
2025-12-11 10:00:00,23.034,0.0
2025-12-11 11:00:00,32.09,0.0
2025-12-11 12:00:00,32.944,0.0
2025-12-11 13:00:00,23.345,0.0
2025-12-11 14:00:00,16.858,0.0
2025-12-11 15:00:00,15.764,0.0
2025-12-11 16:00:00,16.564,0.0
2025-12-11 17:00:00,13.344000000000001,0.0
2025-12-11 18:00:00,7.8870000000000005,0.0
2025-12-11 19:00:00,2.984,0.0
2025-12-11 20:00:00,1.346,0.0
2025-12-11 21:00:00,1.0170000000000001,0.0
2025-12-11 22:00:00,1.8960000000000001,0.0
2025-12-11 23:00:00,2.878,0.0
2025-12-12 00:00:00,3.528,0.0
2025-12-12 01:00:00,3.2030000000000003,0.0
2025-12-12 02:00:00,3.2039999999999997,0.0
2025-12-12 03:00:00,1.787,0.0
2025-12-12 04:00:00,2.538,0.0
2025-12-12 05:00:00,7.154999999999999,0.0
2025-12-12 06:00:00,6.836,0.0
2025-12-12 07:00:00,4.176,0.6000000000000001
2025-12-12 08:00:00,4.281,0.2
2025-12-12 09:00:00,7.470000000000001,0.4
2025-12-12 10:00:00,10.899000000000001,0.0
2025-12-12 11:00:00,13.026,0.0
2025-12-12 12:00:00,16.564,0.0
2025-12-12 13:00:00,15.663,0.2
2025-12-12 14:00:00,17.753,0.0
2025-12-12 15:00:00,17.253999999999998,0.0
2025-12-12 16:00:00,12.637,0.0
2025-12-12 17:00:00,11.924,0.0
2025-12-12 18:00:00,8.411999999999999,0.0
2025-12-12 19:00:00,6.944,0.0
2025-12-12 20:00:00,6.628,0.0
2025-12-12 21:00:00,7.576,0.0
2025-12-12 22:00:00,6.839,0.0
2025-12-12 23:00:00,5.886,0.0
2025-12-13 00:00:00,5.46,0.0
2025-12-13 01:00:00,6.098000000000001,0.0
2025-12-13 02:00:00,3.093,0.0
2025-12-13 03:00:00,4.819,0.0
2025-12-13 04:00:00,5.992,0.0
2025-12-13 05:00:00,5.248,0.0
2025-12-13 06:00:00,6.416,0.0
2025-12-13 07:00:00,7.154999999999999,0.0
2025-12-13 08:00:00,15.761,0.0
2025-12-13 09:00:00,21.985,0.0
2025-12-13 10:00:00,23.832,0.0
2025-12-13 11:00:00,25.767000000000003,0.0
2025-12-13 12:00:00,29.512999999999998,0.0
2025-12-13 13:00:00,30.468,0.0
2025-12-13 14:00:00,36.091,0.0
2025-12-13 15:00:00,28.636000000000003,0.0
2025-12-13 16:00:00,20.909,0.0
2025-12-13 17:00:00,14.149000000000001,0.0
2025-12-13 18:00:00,7.664,0.0
2025-12-13 19:00:00,3.528,0.0
2025-12-13 20:00:00,3.096,0.0
2025-12-13 21:00:00,2.9859999999999998,0.0
2025-12-13 22:00:00,1.895,0.0
2025-12-13 23:00:00,2.212,0.0
2025-12-14 00:00:00,3.311,0.0
2025-12-14 01:00:00,4.927,0.0
2025-12-14 02:00:00,5.992,0.0
2025-12-14 03:00:00,5.992,0.0
2025-12-14 04:00:00,6.416,0.0
2025-12-14 05:00:00,6.204,0.0
2025-12-14 06:00:00,5.78,0.0
2025-12-14 07:00:00,7.679,0.0
2025-12-14 08:00:00,19.810000000000002,0.0
2025-12-14 09:00:00,26.728,0.0
2025-12-14 10:00:00,28.549,0.0
2025-12-14 11:00:00,28.843,0.0
2025-12-14 12:00:00,31.230999999999998,0.0
2025-12-14 13:00:00,24.695,0.0
2025-12-14 14:00:00,19.042,0.0
2025-12-14 15:00:00,19.926000000000002,0.0
2025-12-14 16:00:00,22.567999999999998,0.0
2025-12-14 17:00:00,13.843,0.0
2025-12-14 18:00:00,7.254,0.0
2025-12-14 19:00:00,3.527,0.0
2025-12-14 20:00:00,4.2829999999999995,0.0
2025-12-14 21:00:00,2.004,0.0
2025-12-14 22:00:00,0.573,0.0
2025-12-14 23:00:00,4.282,0.0
2025-12-15 00:00:00,4.172000000000001,0.0
2025-12-15 01:00:00,3.528,0.0
2025-12-15 02:00:00,-0.7749999999999999,0.0
2025-12-15 03:00:00,-2.798,0.0
2025-12-15 04:00:00,-2.911,0.0
2025-12-15 05:00:00,-3.254,0.0
2025-12-15 06:00:00,-2.003,0.0
2025-12-15 07:00:00,0.774,0.0
2025-12-15 08:00:00,20.686,0.0
2025-12-15 09:00:00,29.604,0.0
2025-12-15 10:00:00,35.235,0.0
2025-12-15 11:00:00,35.138999999999996,0.0
2025-12-15 12:00:00,33.711,0.0
2025-12-15 13:00:00,33.616,0.0
2025-12-15 14:00:00,40.469,0.0
2025-12-15 15:00:00,41.899,0.0
2025-12-15 16:00:00,35.994,0.0
2025-12-15 17:00:00,26.508,0.0
2025-12-15 18:00:00,12.108,0.0
2025-12-15 19:00:00,7.1530000000000005,0.0
2025-12-15 20:00:00,3.636,0.0
2025-12-15 21:00:00,4.7090000000000005,0.0
2025-12-15 22:00:00,5.566,0.0
2025-12-15 23:00:00,0.018000000000000016,0.0
2025-12-16 00:00:00,-0.315,0.0
2025-12-16 01:00:00,-0.651,0.0
2025-12-16 02:00:00,-1.775,0.0
2025-12-16 03:00:00,-1.661,0.0
2025-12-16 04:00:00,0.24200000000000002,0.0
2025-12-16 05:00:00,-1.7770000000000001,0.0
2025-12-16 06:00:00,-0.987,0.0
2025-12-16 07:00:00,2.9859999999999998,0.0
2025-12-16 08:00:00,6.718,0.0
2025-12-16 09:00:00,18.326999999999998,0.0
2025-12-16 10:00:00,27.304000000000002,0.0
2025-12-16 11:00:00,30.087,0.0
2025-12-16 12:00:00,32.564,0.0
2025-12-16 13:00:00,24.209,0.0
2025-12-16 14:00:00,27.388,0.0
2025-12-16 15:00:00,19.037,0.0
2025-12-16 16:00:00,16.962,0.0
2025-12-16 17:00:00,15.253,0.0
2025-12-16 18:00:00,9.754999999999999,0.0
2025-12-16 19:00:00,5.241,0.0
2025-12-16 20:00:00,5.243,0.0
2025-12-16 21:00:00,7.26,0.0
2025-12-16 22:00:00,6.733,0.0
2025-12-16 23:00:00,4.063000000000001,0.0
2025-12-17 00:00:00,4.175,0.0
2025-12-17 01:00:00,-1.003,0.0
2025-12-17 02:00:00,-4.407,0.0
2025-12-17 03:00:00,-1.0099999999999998,0.0
2025-12-17 04:00:00,2.217,0.0
2025-12-17 05:00:00,2.767,0.0
2025-12-17 06:00:00,5.886,0.0
2025-12-17 07:00:00,6.416,0.0
2025-12-17 08:00:00,14.756,0.0
2025-12-17 09:00:00,18.544,0.0
2025-12-17 10:00:00,22.667,0.0
2025-12-17 11:00:00,26.825000000000003,0.0
2025-12-17 12:00:00,31.326999999999998,0.0
2025-12-17 13:00:00,28.436999999999998,0.0
2025-12-17 14:00:00,29.195,0.0
2025-12-17 15:00:00,27.019,0.0
2025-12-17 16:00:00,18.733,0.0
2025-12-17 17:00:00,13.347999999999999,0.0
2025-12-17 18:00:00,9.554,0.0
2025-12-17 19:00:00,5.352,0.0
2025-12-17 20:00:00,3.851,0.0
2025-12-17 21:00:00,2.442,0.0
2025-12-17 22:00:00,4.3759999999999994,0.0
2025-12-17 23:00:00,7.576,0.0
2025-12-18 00:00:00,6.309,0.0
2025-12-18 01:00:00,6.3100000000000005,0.0
2025-12-18 02:00:00,2.42,0.0
2025-12-18 03:00:00,-2.2279999999999998,0.0
2025-12-18 04:00:00,-1.5510000000000002,0.0
2025-12-18 05:00:00,0.35300000000000004,0.0
2025-12-18 06:00:00,1.5670000000000002,0.0
2025-12-18 07:00:00,4.493,0.0
2025-12-18 08:00:00,13.834,0.0
2025-12-18 09:00:00,20.125999999999998,0.0
2025-12-18 10:00:00,23.151000000000003,0.0
2025-12-18 11:00:00,23.916,0.0
2025-12-18 12:00:00,31.423000000000002,0.0
2025-12-18 13:00:00,34.28,0.0
2025-12-18 14:00:00,20.616,0.0
2025-12-18 15:00:00,16.953,0.0
2025-12-18 16:00:00,13.751000000000001,0.0
2025-12-18 17:00:00,11.514,0.0
2025-12-18 18:00:00,10.486,0.0
2025-12-18 19:00:00,7.785,0.0
2025-12-18 20:00:00,6.628,0.0
2025-12-18 21:00:00,3.6310000000000002,0.0
2025-12-18 22:00:00,1.5659999999999998,0.0
2025-12-18 23:00:00,1.4580000000000002,0.0
2025-12-19 00:00:00,1.236,0.0
2025-12-19 01:00:00,-2.3419999999999996,0.0
2025-12-19 02:00:00,-2.682,0.0
2025-12-19 03:00:00,-3.5999999999999996,0.0
2025-12-19 04:00:00,-3.944,0.0
2025-12-19 05:00:00,-4.638,0.0
2025-12-19 06:00:00,-4.638,0.0
2025-12-19 07:00:00,-3.8310000000000004,0.0
2025-12-19 08:00:00,22.668,0.0
2025-12-19 09:00:00,33.14,0.0
2025-12-19 10:00:00,26.244,0.0
2025-12-19 11:00:00,28.361,0.0
2025-12-19 12:00:00,28.936,0.0
2025-12-19 13:00:00,20.517,0.0
2025-12-19 14:00:00,22.274,0.0
2025-12-19 15:00:00,20.419,0.0
2025-12-19 16:00:00,15.862,0.0
2025-12-19 17:00:00,13.245000000000001,0.0
2025-12-19 18:00:00,9.139,0.0
2025-12-19 19:00:00,7.260999999999999,0.0
2025-12-19 20:00:00,7.05,0.0
2025-12-19 21:00:00,6.628,0.0
2025-12-19 22:00:00,6.521,0.0
2025-12-19 23:00:00,3.744,0.0
2025-12-20 00:00:00,1.34,0.0
2025-12-20 01:00:00,-0.204,0.0
2025-12-20 02:00:00,-2.233,0.0
2025-12-20 03:00:00,-1.7770000000000001,0.0
2025-12-20 04:00:00,-1.774,0.0
2025-12-20 05:00:00,-1.211,0.0
2025-12-20 06:00:00,-1.099,0.0
2025-12-20 07:00:00,1.449,0.0
2025-12-20 08:00:00,9.227,0.0
2025-12-20 09:00:00,10.589,0.8
2025-12-20 10:00:00,14.751999999999999,0.6000000000000001
2025-12-20 11:00:00,14.961,0.8
2025-12-20 12:00:00,13.853000000000002,0.0
2025-12-20 13:00:00,13.044,0.4
2025-12-20 14:00:00,12.332,0.0
2025-12-20 15:00:00,17.36,0.2
2025-12-20 16:00:00,14.56,0.0
2025-12-20 17:00:00,12.126000000000001,0.0
2025-12-20 18:00:00,8.719999999999999,0.0
2025-12-20 19:00:00,5.672,0.0
2025-12-20 20:00:00,2.441,0.0
2025-12-20 21:00:00,0.353,0.0
2025-12-20 22:00:00,0.35100000000000003,0.0
2025-12-20 23:00:00,1.675,0.0
2025-12-21 00:00:00,2.33,0.0
2025-12-21 01:00:00,-0.877,0.0
2025-12-21 02:00:00,-2.2279999999999998,0.0
2025-12-21 03:00:00,-2.7969999999999997,0.0
2025-12-21 04:00:00,-0.427,0.0
2025-12-21 05:00:00,0.131,0.0
2025-12-21 06:00:00,1.016,0.0
2025-12-21 07:00:00,3.0949999999999998,0.0
2025-12-21 08:00:00,6.416,0.0
2025-12-21 09:00:00,11.304,0.0
2025-12-21 10:00:00,15.364,0.0
2025-12-21 11:00:00,12.024999999999999,0.0
2025-12-21 12:00:00,16.047,0.0
2025-12-21 13:00:00,22.765,0.0
2025-12-21 14:00:00,23.631,0.0
2025-12-21 15:00:00,21.204,0.0
2025-12-21 16:00:00,17.953,0.0
2025-12-21 17:00:00,12.126000000000001,0.0
2025-12-21 18:00:00,9.349,0.0
2025-12-21 19:00:00,6.521,0.0
2025-12-21 20:00:00,6.416,0.0
2025-12-21 21:00:00,6.098,0.0
2025-12-21 22:00:00,6.416,0.0
2025-12-21 23:00:00,6.416,0.0
2025-12-22 00:00:00,6.204,0.0
2025-12-22 01:00:00,5.032,0.0
2025-12-22 02:00:00,3.2039999999999997,0.0
2025-12-22 03:00:00,1.896,0.0
2025-12-22 04:00:00,2.333,0.0
2025-12-22 05:00:00,2.333,0.0
2025-12-22 06:00:00,2.66,0.0
2025-12-22 07:00:00,3.3120000000000003,0.0
2025-12-22 08:00:00,13.278,0.0
2025-12-22 09:00:00,19.006,0.0
2025-12-22 10:00:00,16.564,0.0
2025-12-22 11:00:00,13.548,0.2
2025-12-22 12:00:00,10.591000000000001,0.0
2025-12-22 13:00:00,12.023,0.0
2025-12-22 14:00:00,15.957999999999998,0.2
2025-12-22 15:00:00,18.737000000000002,0.0
2025-12-22 16:00:00,13.954,0.0
2025-12-22 17:00:00,10.796,0.0
2025-12-22 18:00:00,8.83,0.0
2025-12-22 19:00:00,7.471,0.0
2025-12-22 20:00:00,4.2829999999999995,0.0
2025-12-22 21:00:00,4.819,0.0
2025-12-22 22:00:00,3.419,0.0
2025-12-22 23:00:00,1.4580000000000002,0.0
2025-12-23 00:00:00,3.0949999999999998,0.0
2025-12-23 01:00:00,4.067,0.0
2025-12-23 02:00:00,4.713,0.0
2025-12-23 03:00:00,4.606,0.0
2025-12-23 04:00:00,4.067,0.0
2025-12-23 05:00:00,2.549,0.0
2025-12-23 06:00:00,1.895,0.0
2025-12-23 07:00:00,5.244,0.0
2025-12-23 08:00:00,10.486,0.0
2025-12-23 09:00:00,16.061,0.0
2025-12-23 10:00:00,19.435000000000002,0.0
2025-12-23 11:00:00,16.164,0.0
2025-12-23 12:00:00,17.357,0.0
2025-12-23 13:00:00,18.846,0.0
2025-12-23 14:00:00,17.055,0.0
2025-12-23 15:00:00,16.962,0.0
2025-12-23 16:00:00,14.052,0.2
2025-12-23 17:00:00,9.66,0.0
2025-12-23 18:00:00,8.621,0.0
2025-12-23 19:00:00,7.154999999999999,0.0
2025-12-23 20:00:00,5.031000000000001,0.0
2025-12-23 21:00:00,2.768,0.0
2025-12-23 22:00:00,1.786,0.0
2025-12-23 23:00:00,-0.315,0.0
2025-12-24 00:00:00,-1.436,0.0
2025-12-24 01:00:00,-0.42800000000000005,0.0
2025-12-24 02:00:00,-0.20400000000000001,0.0
2025-12-24 03:00:00,-1.436,0.0
2025-12-24 04:00:00,-2.115,0.0
2025-12-24 05:00:00,-1.888,0.0
2025-12-24 06:00:00,-2.115,0.0
2025-12-24 07:00:00,-0.539,0.0
2025-12-24 08:00:00,11.31,0.0
2025-12-24 09:00:00,15.475,0.0
2025-12-24 10:00:00,19.831000000000003,0.0
2025-12-24 11:00:00,26.247999999999998,0.0
2025-12-24 12:00:00,22.761,0.0
2025-12-24 13:00:00,24.785,0.0
2025-12-24 14:00:00,24.495,0.0
2025-12-24 15:00:00,24.107,0.0
2025-12-24 16:00:00,23.134999999999998,0.0
2025-12-24 17:00:00,14.457,0.0
2025-12-24 18:00:00,10.07,0.0
2025-12-24 19:00:00,6.7330000000000005,0.0
2025-12-24 20:00:00,5.886,0.0
2025-12-24 21:00:00,5.459,0.0
2025-12-24 22:00:00,4.497,0.0
2025-12-24 23:00:00,5.032,0.0
2025-12-25 00:00:00,5.886,0.0
2025-12-25 01:00:00,5.673,0.2
2025-12-25 02:00:00,4.927,0.4
2025-12-25 03:00:00,4.605,1.0
2025-12-25 04:00:00,3.96,0.0
2025-12-25 05:00:00,4.068,0.0
2025-12-25 06:00:00,3.8520000000000003,0.0
2025-12-25 07:00:00,6.412,0.0
2025-12-25 08:00:00,13.343,0.0
2025-12-25 09:00:00,20.419,0.0
2025-12-25 10:00:00,23.518,0.0
2025-12-25 11:00:00,28.842,0.0
2025-12-25 12:00:00,32.568,0.0
2025-12-25 13:00:00,27.98,0.0
2025-12-25 14:00:00,29.701999999999998,0.0
2025-12-25 15:00:00,25.956,0.0
2025-12-25 16:00:00,22.661,0.0
2025-12-25 17:00:00,16.947000000000003,0.0
2025-12-25 18:00:00,8.305,0.0
2025-12-25 19:00:00,5.46,0.0
2025-12-25 20:00:00,4.925,0.0
2025-12-25 21:00:00,3.416,0.0
2025-12-25 22:00:00,4.391,0.0
2025-12-25 23:00:00,3.8520000000000003,0.0
2025-12-26 00:00:00,3.636,0.0
2025-12-26 01:00:00,2.878,0.0
2025-12-26 02:00:00,2.987,0.0
2025-12-26 03:00:00,1.677,0.0
2025-12-26 04:00:00,1.016,0.0
2025-12-26 05:00:00,0.573,0.0
2025-12-26 06:00:00,-1.665,0.0
2025-12-26 07:00:00,-4.2909999999999995,0.0
2025-12-26 08:00:00,19.627000000000002,0.0
2025-12-26 09:00:00,32.473,0.0
2025-12-26 10:00:00,32.473,0.0
2025-12-26 11:00:00,33.807,0.0
2025-12-26 12:00:00,36.756,0.0
2025-12-26 13:00:00,37.993,0.0
2025-12-26 14:00:00,37.516999999999996,0.0
2025-12-26 15:00:00,31.329,0.0
2025-12-26 16:00:00,26.212,0.0
2025-12-26 17:00:00,14.652000000000001,0.0
2025-12-26 18:00:00,7.884,0.0
2025-12-26 19:00:00,2.548,0.0
2025-12-26 20:00:00,0.13,0.0
2025-12-26 21:00:00,-2.6849999999999996,0.0
2025-12-26 22:00:00,-4.408,0.0
2025-12-26 23:00:00,-6.159000000000001,0.0
2025-12-27 00:00:00,-6.632,0.0
2025-12-27 01:00:00,-6.869,0.0
2025-12-27 02:00:00,-7.345,0.0
2025-12-27 03:00:00,-6.868,0.0
2025-12-27 04:00:00,-6.631,0.0
2025-12-27 05:00:00,-4.2909999999999995,0.0
2025-12-27 06:00:00,-5.806,0.0
2025-12-27 07:00:00,0.23099999999999998,0.4
2025-12-27 08:00:00,4.385,0.8
2025-12-27 09:00:00,8.406,0.2
2025-12-27 10:00:00,9.971,0.2
2025-12-27 11:00:00,13.242,0.6000000000000001
2025-12-27 12:00:00,12.024999999999999,0.2
2025-12-27 13:00:00,11.207,0.4
2025-12-27 14:00:00,11.309000000000001,0.0
2025-12-27 15:00:00,9.765,0.0
2025-12-27 16:00:00,10.488,0.0
2025-12-27 17:00:00,9.349,0.0
2025-12-27 18:00:00,7.5760000000000005,0.0
2025-12-27 19:00:00,5.991,0.0
2025-12-27 20:00:00,4.497999999999999,0.0
2025-12-27 21:00:00,1.013,0.0
2025-12-27 22:00:00,0.019000000000000017,0.0
2025-12-27 23:00:00,0.463,0.0
2025-12-28 00:00:00,-0.539,0.0
2025-12-28 01:00:00,0.5750000000000001,0.0
2025-12-28 02:00:00,1.126,0.0
2025-12-28 03:00:00,1.456,0.0
2025-12-28 04:00:00,2.115,0.0
2025-12-28 05:00:00,2.333,0.0
2025-12-28 06:00:00,1.237,0.0
2025-12-28 07:00:00,2.442,0.0
2025-12-28 08:00:00,7.834,0.0
2025-12-28 09:00:00,19.026,0.0
2025-12-28 10:00:00,23.049,0.0
2025-12-28 11:00:00,19.732,0.0
2025-12-28 12:00:00,23.25,0.0
2025-12-28 13:00:00,18.45,0.0
2025-12-28 14:00:00,15.362000000000002,0.0
2025-12-28 15:00:00,19.436,0.0
2025-12-28 16:00:00,16.362000000000002,0.0
2025-12-28 17:00:00,13.338999999999999,0.0
2025-12-28 18:00:00,7.465999999999999,0.0
2025-12-28 19:00:00,2.762,0.0
2025-12-28 20:00:00,-2.0010000000000003,0.0
2025-12-28 21:00:00,-3.368,0.0
2025-12-28 22:00:00,-4.175,0.0
2025-12-28 23:00:00,-4.871,0.0
2025-12-29 00:00:00,-4.872,0.0
2025-12-29 01:00:00,-4.524,0.0
2025-12-29 02:00:00,-4.988,0.0
2025-12-29 03:00:00,-5.105,0.0
2025-12-29 04:00:00,-6.868,0.0
2025-12-29 05:00:00,-7.824,0.0
2025-12-29 06:00:00,-8.303,0.0
2025-12-29 07:00:00,2.327,0.0
2025-12-29 08:00:00,8.298,0.0
2025-12-29 09:00:00,10.273,0.0
2025-12-29 10:00:00,8.099,0.0
2025-12-29 11:00:00,13.245000000000001,0.0
2025-12-29 12:00:00,14.86,0.0
2025-12-29 13:00:00,16.462,0.0
2025-12-29 14:00:00,16.961,0.0
2025-12-29 15:00:00,20.616,0.0
2025-12-29 16:00:00,23.735,0.0
2025-12-29 17:00:00,14.827,0.0
2025-12-29 18:00:00,6.731999999999999,0.0
2025-12-29 19:00:00,7.045,0.0
2025-12-29 20:00:00,8.725000000000001,0.0
2025-12-29 21:00:00,8.413,0.0
2025-12-29 22:00:00,7.785,0.0
2025-12-29 23:00:00,4.2829999999999995,0.0
2025-12-30 00:00:00,3.9589999999999996,0.0
2025-12-30 01:00:00,4.817,0.0
2025-12-30 02:00:00,3.096,0.0
2025-12-30 03:00:00,2.987,0.0
2025-12-30 04:00:00,3.3120000000000003,0.0
2025-12-30 05:00:00,2.224,0.2
2025-12-30 06:00:00,2.224,0.0
2025-12-30 07:00:00,2.987,0.0
2025-12-30 08:00:00,4.067,0.0
2025-12-30 09:00:00,5.886,0.4
2025-12-30 10:00:00,7.259,0.2
2025-12-30 11:00:00,10.074,0.6000000000000001
2025-12-30 12:00:00,9.350000000000001,0.2
2025-12-30 13:00:00,9.454,0.2
2025-12-30 14:00:00,11.408999999999999,0.0
2025-12-30 15:00:00,17.950000000000003,0.0
2025-12-30 16:00:00,19.142,0.0
2025-12-30 17:00:00,15.332,0.0
2025-12-30 18:00:00,8.204,0.0
2025-12-30 19:00:00,6.416,0.0
2025-12-30 20:00:00,5.992,0.0
2025-12-30 21:00:00,5.992,0.0
2025-12-30 22:00:00,4.494,0.0
2025-12-30 23:00:00,3.42,0.0
2025-12-31 00:00:00,3.851,0.0
2025-12-31 01:00:00,4.497999999999999,0.0
2025-12-31 02:00:00,3.42,0.0
2025-12-31 03:00:00,3.528,0.0
2025-12-31 04:00:00,3.42,0.0
2025-12-31 05:00:00,5.032,0.0
2025-12-31 06:00:00,5.674,0.0
2025-12-31 07:00:00,5.034000000000001,0.0
2025-12-31 08:00:00,13.544,0.0
2025-12-31 09:00:00,15.964,0.0
2025-12-31 10:00:00,15.664000000000001,0.0
2025-12-31 11:00:00,12.638,0.0
2025-12-31 12:00:00,12.536000000000001,0.0
2025-12-31 13:00:00,16.464,0.0
2025-12-31 14:00:00,21.102,0.0
2025-12-31 15:00:00,25.862000000000002,0.0
2025-12-31 16:00:00,24.22,0.0
2025-12-31 17:00:00,17.931,0.0
2025-12-31 18:00:00,10.281,0.0
2025-12-31 19:00:00,7.890000000000001,0.0
2025-12-31 20:00:00,5.779,0.0
2025-12-31 21:00:00,5.673,0.0
2025-12-31 22:00:00,5.461,0.0
2025-12-31 23:00:00,5.992,0.0
2026-01-01 00:00:00,5.140000000000001,0.0
2026-01-01 01:00:00,5.886,0.0
2026-01-01 02:00:00,5.78,0.0
2026-01-01 03:00:00,5.779,0.0
2026-01-01 04:00:00,4.605,0.4
2026-01-01 05:00:00,4.2829999999999995,0.0
2026-01-01 06:00:00,4.2829999999999995,0.6000000000000001
2026-01-01 07:00:00,4.175,0.2
2026-01-01 08:00:00,4.2829999999999995,1.0
2026-01-01 09:00:00,6.731,0.0
2026-01-01 10:00:00,9.971,0.0
2026-01-01 11:00:00,11.304,0.0
2026-01-01 12:00:00,15.76,0.0
2026-01-01 13:00:00,20.322,0.0
2026-01-01 14:00:00,17.259,0.0
2026-01-01 15:00:00,14.356000000000002,0.0
2026-01-01 16:00:00,12.025,0.0
2026-01-01 17:00:00,10.075,0.0
2026-01-01 18:00:00,7.68,0.0
2026-01-01 19:00:00,6.416,0.0
2026-01-01 20:00:00,5.461,0.0
2026-01-01 21:00:00,3.5220000000000002,0.0
2026-01-01 22:00:00,1.236,0.0
2026-01-01 23:00:00,3.74,0.0
2026-01-02 00:00:00,4.172000000000001,0.0
2026-01-02 01:00:00,1.126,0.0
2026-01-02 02:00:00,1.455,0.0
2026-01-02 03:00:00,-1.436,0.0
2026-01-02 04:00:00,-1.775,0.0
2026-01-02 05:00:00,-2.115,0.0
2026-01-02 06:00:00,-1.7760000000000002,0.0
2026-01-02 07:00:00,-0.205,0.0
2026-01-02 08:00:00,14.338,0.0
2026-01-02 09:00:00,18.154,0.0
2026-01-02 10:00:00,20.909,0.0
2026-01-02 11:00:00,24.315,0.0
2026-01-02 12:00:00,21.195999999999998,0.0
2026-01-02 13:00:00,18.445999999999998,0.0
2026-01-02 14:00:00,20.673,0.0
2026-01-02 15:00:00,18.247,0.0
2026-01-02 16:00:00,14.66,0.0
2026-01-02 17:00:00,21.296999999999997,0.0
2026-01-02 18:00:00,8.911999999999999,0.0
2026-01-02 19:00:00,3.528,0.0
2026-01-02 20:00:00,2.114,0.0
2026-01-02 21:00:00,0.795,0.0
2026-01-02 22:00:00,-0.315,0.0
2026-01-02 23:00:00,-0.539,0.0
2026-01-03 00:00:00,-1.8880000000000001,0.0
2026-01-03 01:00:00,-2.456,0.0
2026-01-03 02:00:00,-2.0010000000000003,0.0
2026-01-03 03:00:00,-2.569,0.0
2026-01-03 04:00:00,-2.684,0.0
2026-01-03 05:00:00,-1.548,0.0
2026-01-03 06:00:00,-0.204,0.0
2026-01-03 07:00:00,2.979,0.0
2026-01-03 08:00:00,9.127,0.0
2026-01-03 09:00:00,22.752000000000002,0.0
2026-01-03 10:00:00,21.399,0.0
2026-01-03 11:00:00,24.213,0.0
2026-01-03 12:00:00,29.320999999999998,0.0
2026-01-03 13:00:00,27.499000000000002,0.0
2026-01-03 14:00:00,22.951999999999998,0.0
2026-01-03 15:00:00,23.631,0.0
2026-01-03 16:00:00,20.707,0.0
2026-01-03 17:00:00,18.944,0.0
2026-01-03 18:00:00,13.423,0.0
2026-01-03 19:00:00,5.1370000000000005,0.0
2026-01-03 20:00:00,4.82,0.0
2026-01-03 21:00:00,2.9850000000000003,0.0
2026-01-03 22:00:00,4.067,0.0
2026-01-03 23:00:00,1.3459999999999999,0.0
2026-01-04 00:00:00,0.12599999999999995,0.0
2026-01-04 01:00:00,2.114,0.0
2026-01-04 02:00:00,0.24100000000000005,0.0
2026-01-04 03:00:00,-3.027,0.0
2026-01-04 04:00:00,-1.775,0.0
2026-01-04 05:00:00,-3.944,0.0
2026-01-04 06:00:00,-3.598,0.0
2026-01-04 07:00:00,0.18800000000000017,0.0
2026-01-04 08:00:00,17.948,0.0
2026-01-04 09:00:00,21.787,0.0
2026-01-04 10:00:00,18.152,0.0
2026-01-04 11:00:00,30.851,0.0
2026-01-04 12:00:00,29.416,0.0
2026-01-04 13:00:00,23.234,0.0
2026-01-04 14:00:00,17.747999999999998,0.0
2026-01-04 15:00:00,24.119,0.0
2026-01-04 16:00:00,19.43,0.0
2026-01-04 17:00:00,12.838999999999999,0.0
2026-01-04 18:00:00,9.868,0.0
2026-01-04 19:00:00,7.470000000000001,0.0
2026-01-04 20:00:00,6.7330000000000005,0.0
2026-01-04 21:00:00,4.172000000000001,0.0
2026-01-04 22:00:00,3.418,0.0
2026-01-04 23:00:00,1.787,0.2
2026-01-05 00:00:00,3.3120000000000003,0.2
2026-01-05 01:00:00,2.768,0.0
2026-01-05 02:00:00,-0.093,0.0
2026-01-05 03:00:00,-0.987,0.2
2026-01-05 04:00:00,-1.324,0.0
2026-01-05 05:00:00,-1.211,0.0
2026-01-05 06:00:00,-1.436,0.0
2026-01-05 07:00:00,2.872,0.0
2026-01-05 08:00:00,8.389,0.0
2026-01-05 09:00:00,7.381,0.2
